corpus/collections/SRC-AZOFF-PROBLEMS-BY-TOPIC/P-AZOFF-H08.md	converted	
corpus/collections/SRC-AZOFF-PROBLEMS-BY-TOPIC/P-AZOFF-H09.md	converted	
corpus/collections/SRC-AZOFF-PROBLEMS-BY-TOPIC/P-AZOFF-I01.md	converted	
corpus/collections/SRC-AZOFF-PROBLEMS-BY-TOPIC/P-AZOFF-I05.md	converted	
corpus/collections/SRC-AZOFF-PROBLEMS-BY-TOPIC/P-AZOFF-I06.md	converted	
corpus/collections/SRC-AZOFF-PROBLEMS-BY-TOPIC/P-AZOFF-I07.md	converted	
corpus/collections/SRC-AZOFF-PROBLEMS-BY-TOPIC/P-AZOFF-I08.md	converted	
corpus/collections/SRC-AZOFF-PROBLEMS-BY-TOPIC/P-AZOFF-I09.md	converted	
corpus/collections/SRC-AZOFF-PROBLEMS-BY-TOPIC/P-AZOFF-I10.md	converted	
corpus/collections/SRC-BERKELEY-PRELIM-FALL-1977/P-BKF77-10.md	converted	
corpus/collections/SRC-BERKELEY-PRELIM-FALL-1977/P-BKF77-11.md	converted	
corpus/collections/SRC-BERKELEY-PRELIM-FALL-1977/P-BKF77-12.md	converted	
corpus/collections/SRC-BERKELEY-PRELIM-FALL-1977/P-BKF77-13.md	converted	
corpus/collections/SRC-BERKELEY-PRELIM-FALL-1977/P-BKF77-15.md	converted	
corpus/collections/SRC-BERKELEY-PRELIM-FALL-1977/P-BKF77-16.md	converted	
corpus/collections/SRC-BERKELEY-PRELIM-FALL-1981/P-BKF81-3.md	converted	
corpus/collections/SRC-BERKELEY-PRELIM-FALL-1981/P-BKF81-4.md	converted	
corpus/collections/SRC-BERKELEY-PRELIM-FALL-1981/P-BKF81-5.md	converted	
corpus/collections/SRC-BERKELEY-PRELIM-FALL-1981/P-BKF81-6.md	converted	
corpus/collections/SRC-BERKELEY-PRELIM-FALL-1981/P-BKF81-7.md	converted	
corpus/collections/SRC-BERKELEY-PRELIM-FALL-1981/P-BKF81-8.md	converted	
corpus/collections/SRC-BERKELEY-PRELIM-FALL-1981/P-BKF81-9.md	converted	
corpus/collections/SRC-BERKELEY-PRELIM-FALL-1982/P-BKF82-1.md	converted	
corpus/collections/SRC-BERKELEY-PRELIM-FALL-1982/P-BKF82-10.md	converted	
corpus/collections/SRC-BERKELEY-PRELIM-FALL-1982/P-BKF82-11.md	converted	
corpus/collections/SRC-BERKELEY-PRELIM-FALL-1982/P-BKF82-12.md	converted	
corpus/collections/SRC-BERKELEY-PRELIM-FALL-1982/P-BKF82-13.md	converted	
corpus/collections/SRC-BERKELEY-PRELIM-FALL-1982/P-BKF82-14.md	converted	
corpus/collections/SRC-BERKELEY-PRELIM-FALL-1982/P-BKF82-15.md	converted	
corpus/collections/SRC-BERKELEY-PRELIM-FALL-1982/P-BKF82-16.md	converted	
corpus/collections/SRC-BERKELEY-PRELIM-FALL-1982/P-BKF82-17.md	converted	
corpus/collections/SRC-BERKELEY-PRELIM-FALL-1982/P-BKF82-18.md	converted	
corpus/collections/SRC-BERKELEY-PRELIM-FALL-1982/P-BKF82-19.md	converted	
corpus/collections/SRC-BERKELEY-PRELIM-FALL-1982/P-BKF82-2.md	converted	
corpus/collections/SRC-BERKELEY-PRELIM-FALL-1982/P-BKF82-20.md	converted	
corpus/collections/SRC-BERKELEY-PRELIM-FALL-1982/P-BKF82-3.md	converted	
corpus/collections/SRC-BERKELEY-PRELIM-FALL-1982/P-BKF82-4.md	converted	
corpus/collections/SRC-BERKELEY-PRELIM-FALL-1982/P-BKF82-5.md	converted	
corpus/collections/SRC-BERKELEY-PRELIM-FALL-1982/P-BKF82-6.md	converted	
corpus/collections/SRC-BERKELEY-PRELIM-FALL-1982/P-BKF82-7.md	converted	
corpus/collections/SRC-BERKELEY-PRELIM-FALL-1982/P-BKF82-8.md	converted	
corpus/collections/SRC-BERKELEY-PRELIM-FALL-1982/P-BKF82-9.md	converted	
corpus/collections/SRC-BERKELEY-PRELIM-FALL-1983/P-BKF83-1.md	converted	
corpus/collections/SRC-BERKELEY-PRELIM-FALL-1983/P-BKF83-10.md	converted	
corpus/collections/SRC-BERKELEY-PRELIM-FALL-1983/P-BKF83-11.md	converted	
corpus/collections/SRC-BERKELEY-PRELIM-FALL-1983/P-BKF83-12.md	converted	
corpus/collections/SRC-BERKELEY-PRELIM-FALL-1983/P-BKF83-13.md	converted	
corpus/collections/SRC-BERKELEY-PRELIM-FALL-1983/P-BKF83-15.md	converted	
corpus/collections/SRC-BERKELEY-PRELIM-FALL-1983/P-BKF83-16.md	converted	
corpus/collections/SRC-BERKELEY-PRELIM-FALL-1983/P-BKF83-18.md	converted	
corpus/collections/SRC-BERKELEY-PRELIM-FALL-1983/P-BKF83-2.md	converted	
corpus/collections/SRC-BERKELEY-PRELIM-FALL-1983/P-BKF83-20.md	converted	
corpus/collections/SRC-BERKELEY-PRELIM-FALL-1983/P-BKF83-3.md	converted	
corpus/collections/SRC-BERKELEY-PRELIM-FALL-1983/P-BKF83-4.md	converted	
corpus/collections/SRC-BERKELEY-PRELIM-FALL-1983/P-BKF83-6.md	converted	
corpus/collections/SRC-BERKELEY-PRELIM-FALL-1983/P-BKF83-7.md	converted	
corpus/collections/SRC-BERKELEY-PRELIM-FALL-1983/P-BKF83-8.md	converted	
corpus/collections/SRC-BERKELEY-PRELIM-FALL-1983/P-BKF83-9.md	converted	
corpus/collections/SRC-BERKELEY-PRELIM-FALL-1984/P-BKF84-1.md	converted	
corpus/collections/SRC-BERKELEY-PRELIM-FALL-1984/P-BKF84-10.md	converted	
corpus/collections/SRC-BERKELEY-PRELIM-FALL-1984/P-BKF84-11.md	converted	
corpus/collections/SRC-BERKELEY-PRELIM-FALL-1984/P-BKF84-12.md	converted	
corpus/collections/SRC-BERKELEY-PRELIM-FALL-1984/P-BKF84-13.md	converted	
corpus/collections/SRC-BERKELEY-PRELIM-FALL-1984/P-BKF84-14.md	converted	
corpus/collections/SRC-BERKELEY-PRELIM-FALL-1984/P-BKF84-15.md	converted	
corpus/collections/SRC-BERKELEY-PRELIM-FALL-1984/P-BKF84-16.md	converted	
corpus/collections/SRC-BERKELEY-PRELIM-FALL-1984/P-BKF84-17.md	converted	
corpus/collections/SRC-BERKELEY-PRELIM-FALL-1984/P-BKF84-18.md	converted	
corpus/collections/SRC-BERKELEY-PRELIM-FALL-1984/P-BKF84-19.md	converted	
corpus/collections/SRC-BERKELEY-PRELIM-FALL-1984/P-BKF84-2.md	converted	
corpus/collections/SRC-BERKELEY-PRELIM-FALL-1984/P-BKF84-20.md	converted	
corpus/collections/SRC-BERKELEY-PRELIM-FALL-1984/P-BKF84-3.md	converted	
corpus/collections/SRC-BERKELEY-PRELIM-FALL-1984/P-BKF84-4.md	converted	
corpus/collections/SRC-BERKELEY-PRELIM-FALL-1984/P-BKF84-5.md	converted	
corpus/collections/SRC-BERKELEY-PRELIM-FALL-1984/P-BKF84-6.md	converted	
corpus/collections/SRC-BERKELEY-PRELIM-FALL-1984/P-BKF84-7.md	converted	
corpus/collections/SRC-BERKELEY-PRELIM-FALL-1984/P-BKF84-8.md	converted	
corpus/collections/SRC-BERKELEY-PRELIM-FALL-1984/P-BKF84-9.md	converted	
corpus/collections/SRC-BERKELEY-PRELIM-FALL-1985/P-BKF85-1.md	converted	
corpus/collections/SRC-BERKELEY-PRELIM-FALL-1985/P-BKF85-10.md	converted	
corpus/collections/SRC-BERKELEY-PRELIM-FALL-1985/P-BKF85-11.md	converted	
corpus/collections/SRC-BERKELEY-PRELIM-FALL-1985/P-BKF85-12.md	converted	
corpus/collections/SRC-BERKELEY-PRELIM-FALL-1985/P-BKF85-13.md	converted	
corpus/collections/SRC-BERKELEY-PRELIM-FALL-1985/P-BKF85-14.md	converted	
corpus/collections/SRC-BERKELEY-PRELIM-FALL-1985/P-BKF85-15.md	converted	
corpus/collections/SRC-BERKELEY-PRELIM-FALL-1985/P-BKF85-16.md	converted	
corpus/collections/SRC-BERKELEY-PRELIM-FALL-1985/P-BKF85-17.md	converted	
corpus/collections/SRC-BERKELEY-PRELIM-FALL-1985/P-BKF85-18.md	converted	
corpus/collections/SRC-BERKELEY-PRELIM-FALL-1985/P-BKF85-19.md	converted	
corpus/collections/SRC-BERKELEY-PRELIM-FALL-1985/P-BKF85-2.md	converted	
corpus/collections/SRC-BERKELEY-PRELIM-FALL-1985/P-BKF85-20.md	converted	
corpus/collections/SRC-BERKELEY-PRELIM-FALL-1985/P-BKF85-3.md	converted	
corpus/collections/SRC-BERKELEY-PRELIM-FALL-1985/P-BKF85-5.md	converted	
corpus/collections/SRC-BERKELEY-PRELIM-FALL-1985/P-BKF85-6.md	converted	
corpus/collections/SRC-BERKELEY-PRELIM-FALL-1985/P-BKF85-7.md	converted	
corpus/collections/SRC-BERKELEY-PRELIM-FALL-1985/P-BKF85-8.md	converted	
corpus/collections/SRC-BERKELEY-PRELIM-FALL-1985/P-BKF85-9.md	converted	
corpus/collections/SRC-BERKELEY-PRELIM-FALL-1986/P-BKF86-1.md	converted	
corpus/collections/SRC-BERKELEY-PRELIM-FALL-1986/P-BKF86-10.md	converted	
corpus/collections/SRC-BERKELEY-PRELIM-FALL-1986/P-BKF86-11.md	converted	
corpus/collections/SRC-BERKELEY-PRELIM-FALL-1986/P-BKF86-12.md	converted	
corpus/collections/SRC-BERKELEY-PRELIM-FALL-1986/P-BKF86-13.md	converted	
corpus/collections/SRC-BERKELEY-PRELIM-FALL-1986/P-BKF86-14.md	converted	
corpus/collections/SRC-BERKELEY-PRELIM-FALL-1986/P-BKF86-16.md	converted	
corpus/collections/SRC-BERKELEY-PRELIM-FALL-1986/P-BKF86-17.md	converted	
corpus/collections/SRC-BERKELEY-PRELIM-FALL-1986/P-BKF86-18.md	converted	
corpus/collections/SRC-BERKELEY-PRELIM-FALL-1986/P-BKF86-19.md	converted	
corpus/collections/SRC-BERKELEY-PRELIM-FALL-1986/P-BKF86-2.md	converted	
corpus/collections/SRC-BERKELEY-PRELIM-FALL-1986/P-BKF86-20.md	converted	
corpus/collections/SRC-BERKELEY-PRELIM-FALL-1986/P-BKF86-3.md	converted	
corpus/collections/SRC-BERKELEY-PRELIM-FALL-1986/P-BKF86-5.md	converted	
corpus/collections/SRC-BERKELEY-PRELIM-FALL-1986/P-BKF86-6.md	converted	
corpus/collections/SRC-BERKELEY-PRELIM-FALL-1986/P-BKF86-7.md	converted	
corpus/collections/SRC-BERKELEY-PRELIM-FALL-1986/P-BKF86-8.md	converted	
corpus/collections/SRC-BERKELEY-PRELIM-FALL-1986/P-BKF86-9.md	converted	
corpus/collections/SRC-BERKELEY-PRELIM-FALL-1987/P-BKF87-1.md	converted	
corpus/collections/SRC-BERKELEY-PRELIM-FALL-1987/P-BKF87-10.md	converted	
corpus/collections/SRC-BERKELEY-PRELIM-FALL-1987/P-BKF87-11.md	converted	
corpus/collections/SRC-BERKELEY-PRELIM-FALL-1987/P-BKF87-12.md	converted	
corpus/collections/SRC-BERKELEY-PRELIM-FALL-1987/P-BKF87-14.md	converted	
corpus/collections/SRC-BERKELEY-PRELIM-FALL-1987/P-BKF87-15.md	converted	
corpus/collections/SRC-BERKELEY-PRELIM-FALL-1987/P-BKF87-16.md	converted	
corpus/collections/SRC-BERKELEY-PRELIM-FALL-1987/P-BKF87-17.md	converted	
corpus/collections/SRC-BERKELEY-PRELIM-FALL-1987/P-BKF87-18.md	converted	
corpus/collections/SRC-BERKELEY-PRELIM-FALL-1987/P-BKF87-2.md	converted	
corpus/collections/SRC-BERKELEY-PRELIM-FALL-1987/P-BKF87-20.md	converted	
corpus/collections/SRC-BERKELEY-PRELIM-FALL-1987/P-BKF87-3.md	converted	
corpus/collections/SRC-BERKELEY-PRELIM-FALL-1987/P-BKF87-4.md	converted	
corpus/collections/SRC-BERKELEY-PRELIM-FALL-1987/P-BKF87-5.md	converted	
corpus/collections/SRC-BERKELEY-PRELIM-FALL-1987/P-BKF87-6.md	converted	
corpus/collections/SRC-BERKELEY-PRELIM-FALL-1987/P-BKF87-7.md	converted	
corpus/collections/SRC-BERKELEY-PRELIM-FALL-1987/P-BKF87-8.md	converted	
corpus/collections/SRC-BERKELEY-PRELIM-FALL-1987/P-BKF87-9.md	converted	
corpus/collections/SRC-BERKELEY-PRELIM-FALL-1988/P-BKF88-1.md	converted	
corpus/collections/SRC-BERKELEY-PRELIM-FALL-1988/P-BKF88-10.md	converted	
corpus/collections/SRC-BERKELEY-PRELIM-FALL-1988/P-BKF88-11.md	converted	
corpus/collections/SRC-BERKELEY-PRELIM-FALL-1988/P-BKF88-12.md	converted	
corpus/collections/SRC-BERKELEY-PRELIM-FALL-1988/P-BKF88-13.md	converted	
corpus/collections/SRC-BERKELEY-PRELIM-FALL-1988/P-BKF88-14.md	converted	
corpus/collections/SRC-BERKELEY-PRELIM-FALL-1988/P-BKF88-15.md	converted	
corpus/collections/SRC-BERKELEY-PRELIM-FALL-1988/P-BKF88-16.md	converted	
corpus/collections/SRC-BERKELEY-PRELIM-FALL-1988/P-BKF88-17.md	converted	
corpus/collections/SRC-BERKELEY-PRELIM-FALL-1988/P-BKF88-18.md	converted	
corpus/collections/SRC-BERKELEY-PRELIM-FALL-1988/P-BKF88-2.md	converted	
corpus/collections/SRC-BERKELEY-PRELIM-FALL-1988/P-BKF88-3.md	converted	
corpus/collections/SRC-BERKELEY-PRELIM-FALL-1988/P-BKF88-4.md	converted	
corpus/collections/SRC-BERKELEY-PRELIM-FALL-1988/P-BKF88-5.md	converted	
corpus/collections/SRC-BERKELEY-PRELIM-FALL-1988/P-BKF88-6.md	converted	
corpus/collections/SRC-BERKELEY-PRELIM-FALL-1988/P-BKF88-7.md	converted	
corpus/collections/SRC-BERKELEY-PRELIM-FALL-1988/P-BKF88-8.md	converted	
corpus/collections/SRC-BERKELEY-PRELIM-FALL-1988/P-BKF88-9.md	converted	
corpus/collections/SRC-BERKELEY-PRELIM-FALL-1989/P-BKF89-1.md	converted	
corpus/collections/SRC-BERKELEY-PRELIM-FALL-1989/P-BKF89-10.md	converted	
corpus/collections/SRC-BERKELEY-PRELIM-FALL-1989/P-BKF89-11.md	converted	
corpus/collections/SRC-BERKELEY-PRELIM-FALL-1989/P-BKF89-12.md	converted	
corpus/collections/SRC-BERKELEY-PRELIM-FALL-1989/P-BKF89-13.md	converted	
corpus/collections/SRC-BERKELEY-PRELIM-FALL-1989/P-BKF89-14.md	converted	
corpus/collections/SRC-BERKELEY-PRELIM-FALL-1989/P-BKF89-15.md	converted	
corpus/collections/SRC-BERKELEY-PRELIM-FALL-1989/P-BKF89-16.md	converted	
corpus/collections/SRC-BERKELEY-PRELIM-FALL-1989/P-BKF89-17.md	converted	
corpus/collections/SRC-BERKELEY-PRELIM-FALL-1989/P-BKF89-18.md	converted	
corpus/collections/SRC-BERKELEY-PRELIM-FALL-1989/P-BKF89-2.md	converted	
corpus/collections/SRC-BERKELEY-PRELIM-FALL-1989/P-BKF89-3.md	converted	
corpus/collections/SRC-BERKELEY-PRELIM-FALL-1989/P-BKF89-4.md	converted	
corpus/collections/SRC-BERKELEY-PRELIM-FALL-1989/P-BKF89-5.md	converted	
corpus/collections/SRC-BERKELEY-PRELIM-FALL-1989/P-BKF89-6.md	converted	
corpus/collections/SRC-BERKELEY-PRELIM-FALL-1989/P-BKF89-7.md	converted	
corpus/collections/SRC-BERKELEY-PRELIM-FALL-1989/P-BKF89-8.md	converted	
corpus/collections/SRC-BERKELEY-PRELIM-FALL-1989/P-BKF89-9.md	converted	
corpus/collections/SRC-BERKELEY-PRELIM-FALL-1990/P-BKF90-1.md	converted	
corpus/collections/SRC-BERKELEY-PRELIM-FALL-1990/P-BKF90-10.md	converted	
corpus/collections/SRC-BERKELEY-PRELIM-FALL-1990/P-BKF90-11.md	converted	
corpus/collections/SRC-BERKELEY-PRELIM-FALL-1990/P-BKF90-12.md	converted	
corpus/collections/SRC-BERKELEY-PRELIM-FALL-1990/P-BKF90-13.md	converted	
corpus/collections/SRC-BERKELEY-PRELIM-FALL-1990/P-BKF90-14.md	converted	
corpus/collections/SRC-BERKELEY-PRELIM-FALL-1990/P-BKF90-15.md	converted	
corpus/collections/SRC-BERKELEY-PRELIM-FALL-1990/P-BKF90-16.md	converted	
corpus/collections/SRC-BERKELEY-PRELIM-FALL-1990/P-BKF90-17.md	converted	
corpus/collections/SRC-BERKELEY-PRELIM-FALL-1990/P-BKF90-18.md	converted	
corpus/collections/SRC-BERKELEY-PRELIM-FALL-1990/P-BKF90-2.md	converted	
corpus/collections/SRC-BERKELEY-PRELIM-FALL-1990/P-BKF90-3.md	converted	
corpus/collections/SRC-BERKELEY-PRELIM-FALL-1990/P-BKF90-4.md	converted	
corpus/collections/SRC-BERKELEY-PRELIM-FALL-1990/P-BKF90-5.md	converted	
corpus/collections/SRC-BERKELEY-PRELIM-FALL-1990/P-BKF90-6.md	converted	
corpus/collections/SRC-BERKELEY-PRELIM-FALL-1990/P-BKF90-7.md	converted	
corpus/collections/SRC-BERKELEY-PRELIM-FALL-1990/P-BKF90-8.md	converted	
corpus/collections/SRC-BERKELEY-PRELIM-FALL-1990/P-BKF90-9.md	converted	
corpus/collections/SRC-BERKELEY-PRELIM-FALL-1991/P-BKF91-1.md	converted	
corpus/collections/SRC-BERKELEY-PRELIM-FALL-1991/P-BKF91-10.md	converted	
corpus/collections/SRC-BERKELEY-PRELIM-FALL-1991/P-BKF91-11.md	converted	
corpus/collections/SRC-BERKELEY-PRELIM-FALL-1991/P-BKF91-12.md	converted	
corpus/collections/SRC-BERKELEY-PRELIM-FALL-1991/P-BKF91-13.md	converted	
corpus/collections/SRC-BERKELEY-PRELIM-FALL-1991/P-BKF91-14.md	converted	
corpus/collections/SRC-BERKELEY-PRELIM-FALL-1991/P-BKF91-15.md	converted	
corpus/collections/SRC-BERKELEY-PRELIM-FALL-1991/P-BKF91-16.md	converted	
corpus/collections/SRC-BERKELEY-PRELIM-FALL-1991/P-BKF91-17.md	converted	
corpus/collections/SRC-BERKELEY-PRELIM-FALL-1991/P-BKF91-18.md	converted	
corpus/collections/SRC-BERKELEY-PRELIM-FALL-1991/P-BKF91-2.md	converted	
corpus/collections/SRC-BERKELEY-PRELIM-FALL-1991/P-BKF91-3.md	converted	
corpus/collections/SRC-BERKELEY-PRELIM-FALL-1991/P-BKF91-4.md	converted	
corpus/collections/SRC-BERKELEY-PRELIM-FALL-1991/P-BKF91-5.md	converted	
corpus/collections/SRC-BERKELEY-PRELIM-FALL-1991/P-BKF91-6.md	converted	
corpus/collections/SRC-BERKELEY-PRELIM-FALL-1991/P-BKF91-7.md	converted	
corpus/collections/SRC-BERKELEY-PRELIM-FALL-1991/P-BKF91-8.md	converted	
corpus/collections/SRC-BERKELEY-PRELIM-FALL-1991/P-BKF91-9.md	converted	
corpus/collections/SRC-BERKELEY-PRELIM-FALL-1992/P-BKF92-1.md	converted	
corpus/collections/SRC-BERKELEY-PRELIM-FALL-1992/P-BKF92-10.md	converted	
corpus/collections/SRC-BERKELEY-PRELIM-FALL-1992/P-BKF92-11.md	converted	
corpus/collections/SRC-BERKELEY-PRELIM-FALL-1992/P-BKF92-12.md	converted	
corpus/collections/SRC-BERKELEY-PRELIM-FALL-1992/P-BKF92-13.md	converted	
corpus/collections/SRC-BERKELEY-PRELIM-FALL-1992/P-BKF92-14.md	converted	
corpus/collections/SRC-BERKELEY-PRELIM-FALL-1992/P-BKF92-15.md	converted	
corpus/collections/SRC-BERKELEY-PRELIM-FALL-1992/P-BKF92-17.md	converted	
corpus/collections/SRC-BERKELEY-PRELIM-FALL-1992/P-BKF92-18.md	converted	
corpus/collections/SRC-BERKELEY-PRELIM-FALL-1992/P-BKF92-2.md	converted	
corpus/collections/SRC-BERKELEY-PRELIM-FALL-1992/P-BKF92-3.md	converted	
corpus/collections/SRC-BERKELEY-PRELIM-FALL-1992/P-BKF92-4.md	converted	
corpus/collections/SRC-BERKELEY-PRELIM-FALL-1992/P-BKF92-5.md	converted	
corpus/collections/SRC-BERKELEY-PRELIM-FALL-1992/P-BKF92-6.md	converted	
corpus/collections/SRC-BERKELEY-PRELIM-FALL-1992/P-BKF92-7.md	converted	
corpus/collections/SRC-BERKELEY-PRELIM-FALL-1992/P-BKF92-8.md	converted	
corpus/collections/SRC-BERKELEY-PRELIM-FALL-1992/P-BKF92-9.md	converted	
corpus/collections/SRC-BERKELEY-PRELIM-FALL-1993/P-BKF93-1.md	converted	
corpus/collections/SRC-BERKELEY-PRELIM-FALL-1993/P-BKF93-10.md	converted	
corpus/collections/SRC-BERKELEY-PRELIM-FALL-1993/P-BKF93-11.md	converted	
corpus/collections/SRC-BERKELEY-PRELIM-FALL-1993/P-BKF93-12.md	converted	
corpus/collections/SRC-BERKELEY-PRELIM-FALL-1993/P-BKF93-13.md	converted	
corpus/collections/SRC-BERKELEY-PRELIM-FALL-1993/P-BKF93-14.md	converted	
corpus/collections/SRC-BERKELEY-PRELIM-FALL-1993/P-BKF93-15.md	converted	
corpus/collections/SRC-BERKELEY-PRELIM-FALL-1993/P-BKF93-16.md	converted	
corpus/collections/SRC-BERKELEY-PRELIM-FALL-1993/P-BKF93-17.md	converted	
corpus/collections/SRC-BERKELEY-PRELIM-FALL-1993/P-BKF93-18.md	converted	
corpus/collections/SRC-BERKELEY-PRELIM-FALL-1993/P-BKF93-2.md	converted	
corpus/collections/SRC-BERKELEY-PRELIM-FALL-1993/P-BKF93-3.md	converted	
corpus/collections/SRC-BERKELEY-PRELIM-FALL-1993/P-BKF93-4.md	converted	
corpus/collections/SRC-BERKELEY-PRELIM-FALL-1993/P-BKF93-5.md	converted	
corpus/collections/SRC-BERKELEY-PRELIM-FALL-1993/P-BKF93-6.md	converted	
corpus/collections/SRC-BERKELEY-PRELIM-FALL-1993/P-BKF93-7.md	converted	
corpus/collections/SRC-BERKELEY-PRELIM-FALL-1993/P-BKF93-8.md	converted	
corpus/collections/SRC-BERKELEY-PRELIM-FALL-1993/P-BKF93-9.md	converted	
corpus/collections/SRC-BERKELEY-PRELIM-FALL-1994/P-BKF94-1.md	converted	
corpus/collections/SRC-BERKELEY-PRELIM-FALL-1994/P-BKF94-10.md	converted	
corpus/collections/SRC-BERKELEY-PRELIM-FALL-1994/P-BKF94-11.md	converted	
corpus/collections/SRC-BERKELEY-PRELIM-FALL-1994/P-BKF94-12.md	converted	
corpus/collections/SRC-BERKELEY-PRELIM-FALL-1994/P-BKF94-13.md	converted	
corpus/collections/SRC-BERKELEY-PRELIM-FALL-1994/P-BKF94-14.md	converted	
corpus/collections/SRC-BERKELEY-PRELIM-FALL-1994/P-BKF94-15.md	converted	
corpus/collections/SRC-BERKELEY-PRELIM-FALL-1994/P-BKF94-16.md	converted	
corpus/collections/SRC-BERKELEY-PRELIM-FALL-1994/P-BKF94-17.md	converted	
corpus/collections/SRC-BERKELEY-PRELIM-FALL-1994/P-BKF94-18.md	converted	
corpus/collections/SRC-BERKELEY-PRELIM-FALL-1994/P-BKF94-2.md	converted	
corpus/collections/SRC-BERKELEY-PRELIM-FALL-1994/P-BKF94-3.md	converted	
corpus/collections/SRC-BERKELEY-PRELIM-FALL-1994/P-BKF94-4.md	converted	
corpus/collections/SRC-BERKELEY-PRELIM-FALL-1994/P-BKF94-5.md	converted	
corpus/collections/SRC-BERKELEY-PRELIM-FALL-1994/P-BKF94-6.md	converted	
corpus/collections/SRC-BERKELEY-PRELIM-FALL-1994/P-BKF94-7.md	converted	
corpus/collections/SRC-BERKELEY-PRELIM-FALL-1994/P-BKF94-8.md	converted	
