kind	sha256	bytes	path
file	e402915ce8db774ce7896417786d5eab10842183370335eac33c3cb524fe5c95	6525	.obsidian/app.json
file	90595c024666dbb42b18f650ab3eca6708a0ba81546e3ea9d0c7e61e49601c18	278	.obsidian/appearance.json
file	a2162efed5c27c2279224a148c05caa4e14120f9c63b6620d112c1a7fa602e66	399	.obsidian/community-plugins.json
file	06a59937ba3adcc942097bc7394fb4c84db2ab33fcb40f628765b0a9f405b53f	657	.obsidian/core-plugins-migration.json
file	e3d990c1ad8c375256b8558ff4b87373e9bba616e090af721ecdf16096d1bd51	274	.obsidian/core-plugins.json
file	17f1591a7e1bd7924f58e40884ba793b252a8b41d56ed2a255c24ea3965300b7	44	.obsidian/file-recovery.json
file	382d5397140f44198a44142be6b0c02042582e7446d604f03f43c1a0d42f7c67	1072	.obsidian/graph.json
file	d383f44a600f33c75bc630654298fe23cacfdb9836f733186761aff76225d8e6	2035	.obsidian/hotkeys.json
file	1e2c3a18829f969027dce015ef9456b355d5fd0000748c01312ad9497be80d93	21	.obsidian/page-preview.json
file	abd85224b029fe83bd42996f6a11ae90ed405f034ad9339fccd3c2a953029449	2576	.obsidian/plugins/bibnotes/data.json
file	65ba9aa7e6ceda75156b7f73219f414b892d701312eb164c14ffb8cfbc1f7626	246043	.obsidian/plugins/bibnotes/main.js
file	00cf3d8f674de67ef583f3725e5a208b77bf0fe965f8f258d6167b889fb3f481	288	.obsidian/plugins/bibnotes/manifest.json
file	5cc49cb820d3dc81d48d384489302a855403d4121fd894f3b43e7f899e66b178	230	.obsidian/plugins/calendar/data.json
file	7fb339e9cf9fdbe5a801fa2b8ab85b366b5b3777fbd193cbc8728bc27711d125	141498	.obsidian/plugins/calendar/main.js
file	f3e9581338648512baa12d5b458490f7fd367918f7bdb6bd86171ce57be7d08b	249	.obsidian/plugins/calendar/manifest.json
file	17f00cc5594748cea5ffbf0bb4a0e1c6a4f42333cfd923ec46c88ffe6971ffec	400	.obsidian/plugins/consistent-attachments-and-links/data.json
file	609513d2d0cfe107bcd56a787b78fdd3b02961ed132fdf54fba9cc0c0fd8a7ac	340396	.obsidian/plugins/consistent-attachments-and-links/main.js
file	e1fd2f1b196cddc7cdb15b9dbded8e7ce94a61602c426f755434b149d4d16a08	316	.obsidian/plugins/consistent-attachments-and-links/manifest.json
file	8488bf8cef264b7bd19059c894533975c5e39b5dcff3864da50b48d8e7ca0436	62592	.obsidian/plugins/cycle-through-panes/main.js
file	a2840a6875112d1927e2f43b5aa8ef527c726c6f648a27581719ee4f79716c9f	355	.obsidian/plugins/cycle-through-panes/manifest.json
file	010caa10243782f0f0a90a9624e1aabe25a798ad3e86888fa7ed090225985740	606	.obsidian/plugins/dataview/data.json
file	c3f6d9c0645b245e08e27372aff0d42e16469ca14b8ffe65dbe0844a3a8969cb	2380041	.obsidian/plugins/dataview/main.js
file	73b0261671e56da4e7e76ce0988e9a0747e9b898adcfc4a1638eace1c33434ea	291	.obsidian/plugins/dataview/manifest.json
file	d1445f58c175c79a5f5df6d7ad21fd6b504b10ecab164034c9a02923392ac8ed	3106	.obsidian/plugins/dataview/styles.css
file	5979044a042402126fe132b2cb56bec2a9598e49fc5cc6227505f5db731c62b8	674	.obsidian/plugins/find-unlinked-files/data.json
file	0a8fb4a4e9c4c88fec39e52867ecacd80e1514c2edcc3506e759a746b05aaa23	165140	.obsidian/plugins/find-unlinked-files/main.js
file	de72c050882cfdf3d581fcd01c6b6756852686a64dbfbdb0955615bd68d815f0	346	.obsidian/plugins/find-unlinked-files/manifest.json
file	d91be3cff0ead1588647f5f2e58a911b36e87e46fc5cc87cfdcc0284c0b142a1	1079682	.obsidian/plugins/folder-note-plugin/main.js
file	57eaf1db524fdb6714cb5826e03ec21a62de2a12926c8272c919bd3cf4b64936	288	.obsidian/plugins/folder-note-plugin/manifest.json
file	a99c705848c4b26822d364283d1057f6398e1ffa554bbec81f3711860e2caed0	4835	.obsidian/plugins/folder-note-plugin/styles.css
file	2c6944d5dee16bb6c7cb1b63a5f6502d253f201c729ac1f4e772a49bfcf2d13f	500	.obsidian/plugins/graph-analysis/data.json
file	a61b1624fcae2766c1081e1ce354e3291c44ed6c69de6f766fbcdb6a6576c081	3509884	.obsidian/plugins/graph-analysis/main.js
file	de6d437aa63f0179410f665c5fd86fccc657ebe69d6662f612e2ab5298941f85	272	.obsidian/plugins/graph-analysis/manifest.json
file	b5278779b3b37b2c30caa4383fd2bcacbc131cda521f1dc190676253b8cbda10	2119	.obsidian/plugins/graph-analysis/styles.css
file	b4ffec941d513dcfb2181d34e50b1e98699ae802e7f130b6ae2eae5935effbd2	43642	.obsidian/plugins/juggl/data.json
file	ab80a8666ff635dbdcc41d342cce5d446fa0e751c03d88f7f63d7e667f2f50fa	83	.obsidian/plugins/juggl/graph.css
file	ce5a05b2292a35a40e68af89bf8261f4549fc03ffc9a56fba8547cdcd999351f	2838981	.obsidian/plugins/juggl/main.js
file	d64e9a4a99dc751efcf89a51f59853a3dc3de17f74fa34f29020647a3b12c5fe	282	.obsidian/plugins/juggl/manifest.json
file	5d18c933ce61a54120e2527f25bb35ed5256d41861ae373fd012c383e65cadab	3624	.obsidian/plugins/juggl/styles.css
file	4ea91fdfc071e9a18974c556501fe95b6fad7bf70cda3dd240aac268ede5d00e	3328	.obsidian/plugins/lapel/main.js
file	3a344dccb8f7dda0d0b45d94d3f8a543cb9360734c954025f59db27ef00a42bb	283	.obsidian/plugins/lapel/manifest.json
file	b927d7e0581f1b932c8419cb4d14a2f161ee070c734d3eecbe1c82848e847263	771	.obsidian/plugins/lapel/styles.css
file	156cc137b0ce312fca0f354096e629acb7c35932bf9afe13f9923f7f88aa6c89	1376738	.obsidian/plugins/nldates-obsidian/main.js
file	3e20266f6bf60c8bd114ec9be60b2a498731cd946b3056b9a727d71e9215304d	254	.obsidian/plugins/nldates-obsidian/manifest.json
file	dcead5f696c8505b66b5e88ad79c4be411a9c655f87625c629647132979599e4	61	.obsidian/plugins/nlp/data.json
file	7f6b11a80c3b4e5ef8eb14491c3efe783786504dbff601300689b861c5cbfadd	20367314	.obsidian/plugins/nlp/main.js
file	a3e5c7efe600e9c215611ed2178ed144cd0d1426cebe51d3a599f5017ebeacbe	184	.obsidian/plugins/nlp/manifest.json
file	702d776f00037747e04d30af21fce6e26d840c6eb0cb65fe62f00a6e00869ca7	2171	.obsidian/plugins/nlp/styles.css
file	f4346b0b69122bf61302188c4801b028a5f5e364c2270b7e453e54c7fcae81e4	9799	.obsidian/plugins/obsidian-activity-history/data.json
file	62aeb57ff324c5afad5a9772b2c794363d2a97a0b9a074d22cda2ee3697c1353	78308	.obsidian/plugins/obsidian-activity-history/main.js
file	8c76c31f0fb01d29fb87c2d349a0fa3c2912939eacd093648b590da1d346610a	317	.obsidian/plugins/obsidian-activity-history/manifest.json
file	53d9011c5045d28f9bcac1a4d55536ad0fed3e87b881246f5c039d298c0bda2a	550	.obsidian/plugins/obsidian-activity-history/styles.css
file	ac088e4f9acc3a9c074970e7cb67e73ff68e1d1f0ece6fd57fc9279adb8a2332	2628	.obsidian/plugins/obsidian-auto-linker/main.js
file	28870ee2dfbc7c859f6f44be6c78cef127ea0a809cc6f65604d7237ef0233aed	265	.obsidian/plugins/obsidian-auto-linker/manifest.json
file	97e3984dd0ca9388397c150eb9bb34aa3c16f89f4b818f1d26f6f2cd5405fd78	150582	.obsidian/plugins/obsidian-banners/main.js
file	e0fe16504928c3f87e0acbcdd3affe628ab5764cdc7eeea446529ca8af88181d	251	.obsidian/plugins/obsidian-banners/manifest.json
file	1457504f1ec4af0090a75f49a201c3134694d5e006837c4e7b2d156a82026a44	6378	.obsidian/plugins/obsidian-banners/styles.css
file	13d5d2fce32300cab326ac773e2f8492e0a817b61897c707b27e709ef04d1b25	329452	.obsidian/plugins/obsidian-charts/main.js
file	c2087f2647f44136f31024de8c459d994e75ace398d0996f03c6197effb605e4	289	.obsidian/plugins/obsidian-charts/manifest.json
file	fb86a2acfaa390a8f1c5cac76231e0fc788835859a08fa4d72b57aedbe041d4a	587	.obsidian/plugins/obsidian-charts/styles.css
file	16d36a222fc2481ab7e2c6f7b74bb8dca96bbd31d55314798a4fda0a1d27b758	117	.obsidian/plugins/obsidian-dangling-links/data.json
file	e9966baa52ef1be968ac9602e8e4277006babc5b84f2bc76ea0aff46c430fa38	415018	.obsidian/plugins/obsidian-dangling-links/main.js
file	fa3a823eb6cdffba5a6625b73e9a34c24c2969ebef6c93bf6fa0a7a465695011	305	.obsidian/plugins/obsidian-dangling-links/manifest.json
file	2dee722fff63f6ca1f0cf1531d6559c7fceffad2e1b86e8694fb874bb95e86cb	416	.obsidian/plugins/obsidian-dangling-links/styles.css
file	e8cf2fceb62a50780fea7ccec3d4c004591dbd07188363d54057ec11c161da02	548	.obsidian/plugins/obsidian-day-planner/data.json
file	0f29a7f227f3bb987dd80c9f5644d0cdb2c64b84f01cc56387417153042f1e1b	939812	.obsidian/plugins/obsidian-day-planner/main.js
file	ba66e9e0e758ae8bbe923ac7f9d064f8a725c071ea28276b4824768ea1fe0790	229	.obsidian/plugins/obsidian-day-planner/manifest.json
file	ba23fe3d1af0212cc71b96ff0492a1daa15a6559cfcdc558ebe52b4a62b534e3	17553	.obsidian/plugins/obsidian-day-planner/styles.css
file	ce0e058f0c8dc72053f00661301ab6777769ef5a6557c8c5def0211805de8a9a	2520271	.obsidian/plugins/obsidian-emoji-toolbar/main.js
file	00d6bd4bbdab3439d2c6b45787deabdfe945505d2696bb6384193fa160bdaaba	279	.obsidian/plugins/obsidian-emoji-toolbar/manifest.json
file	b8424627d4a88603b10b66e3e4c31dbda96b633cbd79a0279f650c782345dc29	10187	.obsidian/plugins/obsidian-emoji-toolbar/styles.css
file	0d6426396e517f60f7dc25a0caf51006d41fc5b7caf39537e02152bf9bfbd9d6	2524	.obsidian/plugins/obsidian-excalidraw-plugin/data.json
file	0e2399df6c768250f575c339f8e84e8c26f6c44c5fa13ad2910d9e9c8e37fb3a	2752632	.obsidian/plugins/obsidian-excalidraw-plugin/main.js
file	d15c64a3590a7702310e8518732da91237189ab73090a91b6c7080749b1a5e1f	275	.obsidian/plugins/obsidian-excalidraw-plugin/manifest.json
file	19e4950fbadbb108f702c94a7679f8ca28fd8474c39380e711284c80baeac737	4794	.obsidian/plugins/obsidian-excalidraw-plugin/styles.css
file	2092bf33a966d466fae6d9337662ab48959e264fbe72d4fcc5874004a081ef98	43742	.obsidian/plugins/obsidian-footnotes/main.js
file	2e9292be7eab5f33534a791c1770f444725cc5872b57f492a11da8b66420313d	300	.obsidian/plugins/obsidian-footnotes/manifest.json
file	f98b8468629585cc6793c36a4135a2b3dae504101889baec17cff2c335f29c7d	38	.obsidian/plugins/obsidian-footnotes/styles.css
file	f7d17807dfffdeae7b73aee025b3f88ffec8260a7be007f7f30b1fd0dfa50a67	391	.obsidian/plugins/obsidian-full-calendar/data.json
file	68538ddc2cdfed65ba4c001fc7aa44033fe495086513f2b57d54cb7b21df2cbc	2266731	.obsidian/plugins/obsidian-full-calendar/main.js
file	a5373875f738d543d20a10b58aae1eb81bd163b6001642de2b8656b92f7f0ff0	314	.obsidian/plugins/obsidian-full-calendar/manifest.json
file	33532df005d181d69455f943155b362d11f2a003cb7f7fa746406c6b31cc3a13	32622	.obsidian/plugins/obsidian-full-calendar/styles.css
file	81e1588b14772a0366226449d571930c15564a0f21d63592abf6877af997679d	106	.obsidian/plugins/obsidian-imgur-plugin/data.json
file	3ad9b574460b07d614a54145f3a13f4603118efc14e70d5f1bda0769276057b3	28119	.obsidian/plugins/obsidian-imgur-plugin/main.js
file	8d4eac64698fa428f6962c4166c3408cdb58ddd3d0d3a828cd945ef33a53bf20	325	.obsidian/plugins/obsidian-imgur-plugin/manifest.json
file	1c231c6c1c8432d7f8f6f012835b99b506e83328ab0301623e7ec6dd65c60ded	449	.obsidian/plugins/obsidian-incremental-writing/data.json
file	8b1f83670aac0bc75b1d0f1cee806491925e67d3db4beb81850180ffde8cc57e	1089216	.obsidian/plugins/obsidian-incremental-writing/main.js
file	449972dff1b2bad2e8cc629892a14fe0ab42bcae3ea418dea25f1d6a5b22d9d2	310	.obsidian/plugins/obsidian-incremental-writing/manifest.json
file	670fea7d6874e1a2be60ff5ebfa8841e345d44b28dfca8867c8641a2df162ab1	38783	.obsidian/plugins/obsidian-latex/main.js
file	9125bcb7b4d44fbaacb4af42a6f2a16922fe8da2fdaeaf68e79f8fe335f5230e	379	.obsidian/plugins/obsidian-latex/manifest.json
file	33d6e75fdf266e7e534377c733f08b72ee65d35c8db8f920584efbdd0da28e44	43197	.obsidian/plugins/obsidian-link-archive/main.js
file	f8c0ff5853a1800da7414b757e849aa7d3120094b5860908eebe0a096a7a2448	348	.obsidian/plugins/obsidian-link-archive/manifest.json
file	1271e0100526304b7aa4867aabc978a776debf3ad0a2731ccd9677541fbd8dec	33	.obsidian/plugins/obsidian-link-archive/styles.css
file	d4f96e9ab3d5dd52fe64684b296740930f41ed9ca1dead04a3f9c47e3327d358	4003625	.obsidian/plugins/obsidian-mind-map/main.js
file	af4423c20527d196ea44003054bc275a564d844537f8ab0fd657085bf675a0e3	187	.obsidian/plugins/obsidian-mind-map/manifest.json
file	114737ee18b731e66c2729f9d1d1b2f534671e55a72b17d0a22708f8e36cf915	181	.obsidian/plugins/obsidian-outliner/data.json
file	e187edccbdd42e32ece2920db5125442ca1a22623ede7ef41c16859858f22041	361052	.obsidian/plugins/obsidian-outliner/main.js
file	556dd41a03c7bd1d4e35ec302fd498bcbb0102ee887792cb573de84c3c0870db	284	.obsidian/plugins/obsidian-outliner/manifest.json
file	2c2b1dce7da40163be46e57283660789361734ec537aa81602a7764d6820cae8	1403	.obsidian/plugins/obsidian-outliner/styles.css
file	44dc489ceb81afe90d576caa6ee39a217bbc7287d74e0c9e3c21cc0894c771d6	62	.obsidian/plugins/obsidian-react-components/data.json
file	21501a2c897719bb7ae4c465e726e446b68860549707e6507d30ce5c1beecf10	12249267	.obsidian/plugins/obsidian-react-components/main.js
file	853e4e1671160d1f5f88dd2e03cceea7191fd4e05d772ca4d38f527cb695483f	360	.obsidian/plugins/obsidian-react-components/manifest.json
file	0cdf1659542fdf4970eb615f44a746c846f41916c6a575fb323693464e36866a	169	.obsidian/plugins/obsidian-task-progress-bar/data.json
file	696d19544023fbb3784e9baa0474bca08938e42b10adc025827ed6e715ea45c0	146819	.obsidian/plugins/obsidian-task-progress-bar/main.js
file	df3482c2236f258746b2f1a94e5672e8a8f5de7439ae656c4ea5e8672f0c6a8c	281	.obsidian/plugins/obsidian-task-progress-bar/manifest.json
file	a380c11ef223f641fc953dbfb6e86bf84332d7e9b3b51e2ffde9118bb03fea17	1350	.obsidian/plugins/obsidian-task-progress-bar/styles.css
file	39978fc308be87415a69f13f5eee2364ae6234704f657a5132dfea22c222c8ce	235	.obsidian/plugins/obsidian-tasks-plugin/data.json
file	8fc24098aabfc03d3bcf57f8b97fed0cbc0d96709b0d759b905113d7980fe16e	319822	.obsidian/plugins/obsidian-tasks-plugin/main.js
file	db488c137487293ec6b6dcbef948e5c7f4008645878a293b2c8fa82c9cf66c56	287	.obsidian/plugins/obsidian-tasks-plugin/manifest.json
file	79aa4fdf0758567bac87b6bb933c18924b9c7c06253763cb483a5f9cb7c34295	5701	.obsidian/plugins/obsidian-tasks-plugin/styles.css
file	6bf0657f3c3cacbeb8248a0970309814b51a4278fddcfa61e17d86d305001fd5	7782873	.obsidian/plugins/obsidian-tikzjax/main.js
file	57a1589a84087dcdf915b2ab053f74abed20a6a12eebd4bea5ecca5c37473242	261	.obsidian/plugins/obsidian-tikzjax/manifest.json
file	d9a7f741ec8fdcbe5e0145152c799238cee8df5a14ddc7dc9feb3bb835ce068d	4791190	.obsidian/plugins/obsidian-tikzjax/styles.css
file	81f73c3b8c1e5dcf3dcb90002e3b8f7a3e0030360786b2b1daa57f633fcce4a9	15419	.obsidian/plugins/obsidian-to-anki-plugin/data.json
file	c656ff0d2d4ca408835c8ec4b7840d215c2ac3a3cc9e56f1483ec17000a9d2d2	1432735	.obsidian/plugins/obsidian-to-anki-plugin/main.js
file	89048bd1490ec38b216978ccd3fa67d5f64f82225539f5e9f2a7e7ceeda6b427	330	.obsidian/plugins/obsidian-to-anki-plugin/manifest.json
file	8afdee180ac041e61d2c0d053e1c953aa476d95c632a2bbe633ea57c3eff2c13	322	.obsidian/plugins/obsidian-to-anki-plugin/styles.css
file	7ed122763714ab038627e06e974dbfaf027eb501b13e14cd3de8d91541f9dfd2	104	.obsidian/plugins/obsidian-vault-changelog/data.json
file	d1ca41c4ea952243c8d26fb0567b14463a3eb1436e519d3584febc59db2621d3	48049	.obsidian/plugins/obsidian-vault-changelog/main.js
file	907f31e434ed05bd208cb85c5a5aeb5697d4fea69fd67ff71a744592efd8db87	291	.obsidian/plugins/obsidian-vault-changelog/manifest.json
file	3241fbd198ca2ce97e3ec0659fe1b7681b07defbe4721c965d0ec15e1784acce	307	.obsidian/plugins/obsidian-zotero-desktop-connector/data.json
file	51397f3d7a9c11766732800c7724f7521cf02988fa4f6c444be48bbe3d24bcd0	1040068	.obsidian/plugins/obsidian-zotero-desktop-connector/main.js
file	433d93cf861db4993fd628f3c998eb7727790c0e0d2be6b7a4219f9d40a6e31d	352	.obsidian/plugins/obsidian-zotero-desktop-connector/manifest.json
file	5820d7534d7eb1cb10de0dd62c5e08f7d9fcc3f6bc5f864615fc3bed3e48284d	2420	.obsidian/plugins/obsidian-zotero-desktop-connector/styles.css
file	451ede71858425ce97e76f4a0c7d41401acc9abbe42556d788659f80e46814c4	447	.obsidian/plugins/obsidian42-brat/data.json
file	817c38f1bea81cff1901d43a94d541d0e0346d9c3d331463c4106282dc2f6a5a	45086	.obsidian/plugins/obsidian42-brat/main.js
file	9c90e0a1c4bade07c6fa34db24e58c5b5f67c5aed7463d4b332f30586bfb17e0	292	.obsidian/plugins/obsidian42-brat/manifest.json
file	36a9e7f1c95b82ffb99743e0c5c4ce95d83c9a430aac59f84ef3cbfab6145068	1	.obsidian/plugins/obsidian42-brat/styles.css
file	26d0acb60f4d3a0bdc7e484ad8b27b6e408a8a9123a4d540906e22301cc90248	797	.obsidian/plugins/periodic-notes/data.json
file	ccf1a18673693d1036fc7614c3af9d23e5edfe425d1053df81dddcc29b1f8b0e	180567	.obsidian/plugins/periodic-notes/main.js
file	bda29323f75d3b3fcbda489335825b97fe4b574914d04635e9a7e67f2414049c	280	.obsidian/plugins/periodic-notes/manifest.json
file	613f3985d4c84900ed2e25d8a46efb7b3ace6889fb71217055084084eb146238	488	.obsidian/plugins/periodic-notes/styles.css
file	a317dc0b9ce28a20bd51fb12e3fed74cb4137b4bcfb4e9d673fcbd94d275744f	87	.obsidian/plugins/quickadd/data.json
file	f2832732dc9f332581efc0e1c8c3f2f97f80fd7ce4e22cec16ebf0df146a3270	1465549	.obsidian/plugins/quickadd/main.js
file	799f61edd312f4148e4cfd4ffb900c148a4147bbe6e11100f86fc97ec92bab3d	261	.obsidian/plugins/quickadd/manifest.json
file	441805c25641d2ed4bfaf21e11a8bac7fc4dda88fee8ef6463354f737a6324b7	3765	.obsidian/plugins/quickadd/styles.css
file	fb5800dabb2f9c2f632b33d026588a983ac7584689dad208761e60adf4b99d36	5115	.obsidian/plugins/recent-files-obsidian/data.json
file	917bd7c9fa4e0d3b01a46209d289fe0db75d9eae796e4b189199d056d42cf18e	151559	.obsidian/plugins/recent-files-obsidian/main.js
file	f52db3ca1009dc434d2ac5f0d685cb0f7d03c3ed2ca3bca718d525940a6a698c	263	.obsidian/plugins/recent-files-obsidian/manifest.json
file	447fb38407b443de9800ba1d02ddd46a47254b5242674284bc83eeee32862881	519	.obsidian/plugins/recent-files-obsidian/styles.css
file	0752a4f15db7571af4adf9b17b9fff3b80564dc916659aa95508e5bbd93dd56c	216	.obsidian/plugins/sliding-panes-obsidian/data.json
file	8338c9b2169169d3e6555a4c002d51a05f9e54ebee1277536bf6a12b28d6c2ae	126968	.obsidian/plugins/sliding-panes-obsidian/main.js
file	d587cb399e1cdd78875a003ba950d2b2ba082291d3ab349ce2fb39da5fbef8fc	339	.obsidian/plugins/sliding-panes-obsidian/manifest.json
file	9b19870037fa8ed90c14fdac3ccadf2c79429d35a5f323fef22fec6cb51e2a40	7616	.obsidian/plugins/sliding-panes-obsidian/styles.css
file	be88b06394ca8765be14fc0479290cf71bdefe3cbc89d907e7692c754ebdb508	173714	.obsidian/plugins/smart-random-note/main.js
file	971f624ca08f5c0913b0b3595c8c9310e89358ce795df498881ee667974c19f3	249	.obsidian/plugins/smart-random-note/manifest.json
file	6525d5e0734cc16cc753d3cddc9e2385890506c462ca33b48cc24ce804587b7a	94	.obsidian/plugins/table-editor-obsidian/data.json
file	d93a67f6ace36de079b8261c8e35ef8827fefeb4a4c073301abe0567cc7ce035	2772931	.obsidian/plugins/table-editor-obsidian/main.js
file	07f67df9f8663a43ee571986c62c30b42894eaed3dd4d8e456b18f928eafc312	369	.obsidian/plugins/table-editor-obsidian/manifest.json
file	c47e8c5e66e6bc76c05ba608135ad7beb8577c102ad47fc6d0ba553e7dcd81af	1751	.obsidian/plugins/table-editor-obsidian/styles.css
file	59036dc27d8aaad3f3299b8960e9235e46f17c7ac2f82b45a6bf24470e4eb54f	114082	.obsidian/plugins/tag-wrangler/main.js
file	6ea7646d0564f29420984ab70b5efd91c13d1d150e1982dae474836faeb4540c	272	.obsidian/plugins/tag-wrangler/manifest.json
file	c8be41e59fb15e0e59c8e246295575581ea45fcd9d92962d55a8e681c5c1ce1d	3230	.obsidian/plugins/tag-wrangler/styles.css
file	e4a2b624db2dbee0c0e043146c3e209cb4617f13a3033897f4c411a12edf6344	587	.obsidian/plugins/templater-obsidian/data.json
file	abdece8ee9a57b8b4157954162926ec50da6a6eb26ad6f865699bfe5bac4337b	287625	.obsidian/plugins/templater-obsidian/main.js
file	fd963b1bc85f3121ad169fe5e796c354b91550cdd7cd6474c270b3af9120007f	272	.obsidian/plugins/templater-obsidian/manifest.json
file	f43581f4cc54e0deea557913f8981e1e8deffba71e84c205cfa6ed91d4032101	5593	.obsidian/plugins/templater-obsidian/styles.css
file	d9a499f667f5f1cd4f0d132e3ed74ed465f89328b5129ee3aac750eb32c1db98	33464	.obsidian/plugins/wikilinks-to-mdlinks-obsidian/main.js
file	3d8a29c39502923d8b8682a8f43aa6fd199bfd92b6aec46c93b74aa39f42080c	305	.obsidian/plugins/wikilinks-to-mdlinks-obsidian/manifest.json
file	9550c26de09c91dc252089e3c97814849a0dd3ce2c2c8467f9950345e729f6ad	1144	.obsidian/snippets/custom.css
file	c0f8033c86a30b5b149ef2e34745c529270c24e87c660584d6063960a89654e2	12514	.obsidian/snippets/homepage setting media mobile.css
file	0e6dadcdfe3554ac77c73beda888709c1f6bcb9ca18847839610d7a19d14cfa7	17331	.obsidian/snippets/homepage setting.css
file	a5194442459ed879932ecbeae5192332634727f469e21943cb7297ffc2add6d6	2271	.obsidian/snippets/sharetype.css
file	5495ec31dd51fb06c319f5f4befc8043b742fb2cf1dfbbde19571fd501300b18	1907	.obsidian/starred.json
file	ccc20d74a78a2914c05f8d6d78edec2bae0e7b59cadd2396f73279c7839d81aa	87	.obsidian/switcher.json
file	f9239f463fb16e9aa195fdae8d0d4f0c245cc94cac938f99bbe346066e530451	12579	.obsidian/themes/Atom.css
file	88ac6707654a8807d7d9321334d3ec04e320d2dff30d16b311a45cc65633216a	163	.obsidian/themes/Blue Topaz/manifest.json
file	aafc566d18a323bf494df824c9a473dbf489aa6267262b625ac16fc162fe632a	3075830	.obsidian/themes/Blue Topaz/theme.css
file	67df23ca75ef047fdd0886ed9c7e1b7835a8c4cba257395ad3e635b30ea99e5b	2844992	.obsidian/themes/Blue Topaz.css
file	229674e66cc5bda4ef8c190c4067851e5aed9735d99f1a7b76082547ef8f64c8	115	.obsidian/themes/California Coast/manifest.json
file	9baa45bd09e150bddfdc2e78217f651c6248f71c133f0a147e157c098adab512	360093	.obsidian/themes/California Coast/theme.css
file	2993ed23a46f9bdc7dbdb0421aed373854ae5f5f4bfb4b0670f85c78ea6b9ef9	341797	.obsidian/themes/California Coast.css
file	d0686eaffc1899ba230d437b90b9392a412c168f6ec42c74b703197da729f61c	7777	.obsidian/themes/Clean theme.css
file	d803cb37408623fe49529ff7bfda0d7765cd1f167e433118b88ad196ffa6384e	110	.obsidian/themes/Deep Work/manifest.json
file	73c5ffc5e28de4e332966e8bedde9e07da4f76af912de046ebc0b467b9306845	31787	.obsidian/themes/Deep Work/theme.css
file	8dda520384ed6d5abf0ed2f98d45a4c7cdd68287de16ab7fb2804328c6e98f68	32092	.obsidian/themes/Deep Work.css
file	1aabba79b35ae8dc62f7847d51e9b087bbda3356104a05f14db3a7f8c399241b	132176	.obsidian/themes/Golden Topaz.css
file	1822c75270117a0437e6c4051fdc033785ce11e05232943382b3f53732143bb1	138	.obsidian/themes/Minimal/manifest.json
file	8c4fcc7dd8556ce56f80bcf50cf3ce5bacf9214436d6274320c5b5699febc021	233783	.obsidian/themes/Minimal/theme.css
file	447c919b48332df5db80ce550d2ed813945db2be9e3e223f0e6afeeefacbc2d9	292193	.obsidian/themes/Minimal.css
file	1d4322ee62515bcb96cfac56cdb640fc3dd967839fec15870b7161149036dad5	21699	.obsidian/themes/Notation.css
file	3860f80fd07699bc267d58ecd75464b1ece8a5fa001ae0394a172610b9f665c9	147	.obsidian/themes/Obsidian Nord/manifest.json
file	a29c434fc9de495004dec4b0d7f51f11937adebef54fdd98109a963030e0fcf0	14490	.obsidian/themes/Obsidian Nord/theme.css
file	8e684d8a39c3933a24fa91f73730158a4e2d8e9ceabe23c445bcf407979b9aab	151	.obsidian/themes/Sanctum/manifest.json
file	af10fc13304e6b17d2b5f950a5db209b775510b0ecca532fd5313945944a2fd8	417596	.obsidian/themes/Sanctum/theme.css
file	0cfaedaa7d84f7a61efa819b9eca66805c96e417bd1ded775601ffd4485cea9a	1040325	.obsidian/themes/Sanctum.css
file	95dfd7798cc4a53e0c9c985a396b2703cb66ea31c444447e717aa22c8c9cb1f8	182	.obsidian/themes/Shimmering Focus/manifest.json
file	6d3b6a519afdc5cbc7393b34f754e428318839049ee1a0f3ee36a82fda53430c	944170	.obsidian/themes/Shimmering Focus/theme.css
file	d6e86264252b19808fecfff2930fe52960fb767f8ed673a8b562c6e27b3ec8e4	154	.obsidian/themes/Solarized/manifest.json
file	8c871477fa55af586e7352bff918137c7bffb8ec8f5d238f2fef505bd638d96c	5658	.obsidian/themes/Solarized/theme.css
file	4596feeb3eb81762e2b1cbfa79bed478779d0452b185e56f177f32576432a374	8045	.obsidian/themes/Solarized.css
file	a427bc13dac6b1bc5f6d1fcc803584ec295f18ee5ac9df76abfdaea0df9b4b96	152	.obsidian/themes/Things/manifest.json
file	948848f2f4e498041f0d659f54245dbe1164ae50e994354750d17d69a6c5f917	24432	.obsidian/themes/Things/theme.css
file	619e9f858a054032596f2d0497fda69f1ee4e7e9bfc81147b0038f0c9b6dd34c	253127	.obsidian/themes/Things.css
file	2fe5b8ee05d8b238ca66fa6485d2df188dab48fa00d0c139ab0e8b66d31c77fd	9358	.obsidian/themes/Warmth.css
file	0851221ae50029dcc6a317e4d6301f8a3f4544d4587b6fa01dd630684e3b598c	395509	.obsidian/themes/Yin and Yang.css
file	1b2f996eba276355345f58fbd5707aecf0c2ea5b33a11b5870787d2a27d379d5	5960	.obsidian/workspace
file	f68f3a74b7b64715bed3c6599573fdfa55ecf25a84458e8b3757b6c3741cbdb5	7961	.obsidian/workspace.json
file	44136fa355b3678a1146ad16f7e8649e94fb4fc21fe77e8310c060f61caaff8a	2	.obsidian/workspaces.json
file	5f62bcb6e4407bb02efa44b01cb51238901ea5171e9449071c236b5f44f654f0	83	.obsidian/zk-prefixer.json
file	34dbe5e3d802d2507f246520abe4063a8b67ec91d41a1c9324a655bf90a82f57	13	.trash/.empty
file	07c8318d81e01e2573f1297568d2a9952958b1f4970c3c55965db50cdabc1493	1113	000 AG Oral Exam Plan.md
file	6caad003ce5cd829d2b26fe3a73f134308757ba39cbb8cf778517c475c93da19	5581	001 Practice Questions.md
file	34dbe5e3d802d2507f246520abe4063a8b67ec91d41a1c9324a655bf90a82f57	13	0_Study Guides/.empty
file	cb7a31073b661ffe953f76573c5bf27ca0e94227ff7de98e73af1bfae5c8a485	1127	0_Study Guides/0000 AG (Subject MOC).md
file	37626c66b03b59fedc61b2b9b5ee67a394a02b048003b9ca1e1f3d01677edf7a	28	0_Study Guides/0000 Syllabus.md
file	353f3f5aa78934805f6119b0385b2f5c40d3e0721f70bc73e526cbd35b810a26	10333	0_Study Guides/001 Resources References (AG).md
file	9d81f0c7992b8e2e503952d8f121418c9353583d644eccf627c16e3b3ff4bf23	10748	0_Study Guides/002 Resources Problems and Solutions.md
file	c9cc29604bddeb1b73a0d3cd58e5975a5e3d7107c327447b36bc343f68835042	7336	0_Study Guides/020 Varieties Definitions.md
file	e7d645763ff30bcc0be0157e63d293595926de952bea8ea0c41dba650f64b67e	11318	0_Study Guides/022 Sheaves.md
file	e0d048e71970aa54ca455363b1840fb048754b86c3a40acee26f488619a74f7e	18869	0_Study Guides/030 Schemes.md
file	bfaf8da9c4742c3cd01ea29dab3c4eec32ff1daa965813491767a4b6ad70ab41	6679	0_Study Guides/031 O_X Modules.md
file	32b1a3ecc18e373458125649a8a612725163cd8a606698954ca7b4392be60101	16164	0_Study Guides/032 Morphisms.md
file	64f7daa11136aff0d719dda7773a74edef8f3b1eb3f8dd5df032349388732c43	14218	0_Study Guides/033 Misc Schemes.md
file	3f6bee779a5f6535e5aaee653aa87f30fa17e141609039774497398181cbf700	18768	0_Study Guides/040 Divisors.md
file	118139463494974643caa9f25daf321daaeeb28ca347487aa92212d20f123782	20644	0_Study Guides/050 Cohomology of Schemes.md
file	315a117874c8d14923676ecbd97fa17df797fdd4a636caaec8b0c453bbd9cbd6	18697	0_Study Guides/060 Toric Varieties.md
file	3e7ac5c076f54f9cc5541286339fb08a9b22a6d4a010c2b5984a9e4f92cb07b9	10256	0_Study Guides/070 Curves and Surfaces.md
file	924ae8389d2eba7bc95114c01c1e894f44d19684796d8a2b34b47533983afa03	17733	0_Study Guides/800 Looijenga IAS.md
file	34dbe5e3d802d2507f246520abe4063a8b67ec91d41a1c9324a655bf90a82f57	13	0_Study Guides/figures/.empty
file	ef6eaebf9ae69fdc6d0e7284c475a87d6fb6359e8298f3b3fef840f37af28a2d	8599	500_Extra Problems/Extra problems for varieties.md
file	34dbe5e3d802d2507f246520abe4063a8b67ec91d41a1c9324a655bf90a82f57	13	500_Extra Problems/Gathmann Exercises/.empty
file	622bca308c2a528b0bb08f872458d0e9503c4f2144cec952503386145a2fe7a7	13532	500_Extra Problems/Gathmann Exercises/2020-08-30.md
file	a9478471c9c29674adb6bfb20bbe8435cd6dcead1ef910efd6d473da37be0f21	11188	500_Extra Problems/Gathmann Exercises/2020-09-15.md
file	0b06f025a21e129b15a5f2be54562343c47c37c4ba98f5db0efdcf4307918472	7049	500_Extra Problems/Gathmann Exercises/2020-09-18.md
file	447109138aab38f3f67e646d8c62edf240d067d621e6c232cf051730b5ceadb7	2994	500_Extra Problems/Gathmann Exercises/2020-10-06.md
file	5026a232b9606d3438c4be4ecf8087f0ca7322b00b9ae239d1b9bddea23dac83	3489	500_Extra Problems/Gathmann Exercises/2020-10-26.md
file	688553974ac3d1d2fbe343a0ee15c2862c38a37ebd744c6d217f843f23ab6c47	72968	500_Extra Problems/Gathmann Exercises/figures/image_2020-09-01-10-43-00.png
file	21056011c14c5b637f5d9eea4d8be5f8adca8081bf6669446c36c2589264377c	453268	500_Extra Problems/Gathmann Exercises/problems.pdf
file	94ba4e25a6b8226c295c72619c3cda3c854e568fe4cf7479fefad6f6471cbc1a	33228	500_Extra Problems/Gathmann Exercises/problems.tex
file	ed5af71f93baf72972a0e14ae21a287393a1928f1eac18a7be35b3aefb1068d4	8475	500_Extra Problems/Hartshorne Exercises/AG HW1.md
file	a64d781ce33bdd4b60fcf6438ccdae4d169e33dca9712f9b4796f766d7098519	23897	500_Extra Problems/Hartshorne Exercises/AG HW2.md
file	63bbce6d2ea62e1707919c886323cc3ee5dbfedd112bd0ae6c9c520d8735a021	2045	500_Extra Problems/Misc Problems.md
file	34dbe5e3d802d2507f246520abe4063a8b67ec91d41a1c9324a655bf90a82f57	13	500_Extra Problems/Rising Sea Exercises/.empty
file	8cfeb60c7f0f6543d1dabe19951c74e5eaf2f3dfdce190275a1576c4840df98f	20204	500_Extra Problems/Rising Sea Exercises/Algebraic_Geometry.tex
file	7517e7cb89961b12a4f4de7f278fd0faf5caf4ad23abf66958a7b51fda6d5d90	553	500_Extra Problems/Rising Sea Exercises/Makefile
file	34dbe5e3d802d2507f246520abe4063a8b67ec91d41a1c9324a655bf90a82f57	13	500_Extra Problems/Rising Sea Exercises/sections/.empty
file	1a8b4961020b2288c9e1a5ecf5e4285fa23950e50d9d68e05de0286c006e8880	8547	500_Extra Problems/Rising Sea Exercises/sections/2020-06-14.md
file	4f893b397df8d4514533c07a118e48de9ebbf4901d28045a07af38e526cba240	11988	500_Extra Problems/Rising Sea Exercises/sections/2020-06-25.md
file	fc45058892b023e544b378a74d6b5196d6b963f201a4070e1e0043d49fe00de1	6346	900_Changelog.md
file	e10dcb102abb3bf6366d831d8c8aa819a095ef97a6754cb1091c9afe6328d85c	179380	Definitions.md
file	34dbe5e3d802d2507f246520abe4063a8b67ec91d41a1c9324a655bf90a82f57	13	Hartshorne_Problems/.empty
file	773fd43f7a9cc08e8c7db516a9b4cf8a8bfcdd8e5837d11a0628e0df72b63d99	15172	Hartshorne_Problems/1_Hartshorne/1_1x Varieties.md
file	ad0a5e9e0ec23392733c63aa5f13c57e2b3eb40c4e909fc1804ffa95d56b3fbe	19728	Hartshorne_Problems/1_Hartshorne/1_2x Projective Varieties.md
file	76562eccdeb56897ca6ffc2ee54761ceb917d91f9ff7f80fd17f377f862ca772	12440	Hartshorne_Problems/1_Hartshorne/1_3x.md
file	77446b7c10387a09043f63d9e475558bba7f9da2f97c9ce190f87fa78c007dce	4455	Hartshorne_Problems/1_Hartshorne/1_4x.md
file	ed5ed46070a2d59b0444b517d8ffb91e1945f925d5126ad34f8f9ca6c3a0b468	10960	Hartshorne_Problems/1_Hartshorne/1_5x.md
file	12679667bde1b0e544f3711d216df342f922bc6585a1bf1ef8d74e3416b98cc5	3546	Hartshorne_Problems/1_Hartshorne/1_6x.md
file	ea9b0a983297eaeed7a4554e06941c2761852a04e293c5594fc37dea94620ac5	4177	Hartshorne_Problems/1_Hartshorne/1_7x.md
file	34dbe5e3d802d2507f246520abe4063a8b67ec91d41a1c9324a655bf90a82f57	13	Hartshorne_Problems/1_Hartshorne/figures/.empty
file	34dbe5e3d802d2507f246520abe4063a8b67ec91d41a1c9324a655bf90a82f57	13	Hartshorne_Problems/2_Hartshorne/.empty
file	13c9017eb89766180235c816a2ddee9aa760b0715b202b77c29701330e338b2e	23496	Hartshorne_Problems/2_Hartshorne/2_1x Sheaves.md
file	2b1c2b243f3e23a8f0132e320dd2ab713d462fb97742091f88afb1d7933b52bd	11480	Hartshorne_Problems/2_Hartshorne/2_2x Schemes.md
file	a0ad75a317c016078ef63a0c88691838667700bb7315d57811a92b93f9bc25b0	19201	Hartshorne_Problems/2_Hartshorne/2_3x Properties of Scheme.md
file	2889871d9d451e8f8b04ec03180fdddbd4d4c4eab17b4860319aa1f653f58ff8	11531	Hartshorne_Problems/2_Hartshorne/2_4x Separated Proper Morphisms.md
file	e716e0a8ce9ba4eb6b8266b982d5b2ac8e78a06f0d4dc75b0a9e18379b131554	25462	Hartshorne_Problems/2_Hartshorne/2_5x Sheaves of Modules.md
file	edf4d35cdf40aee150f806cd7efa09dbcf8711baf102c1976d7f7c76246d661b	15007	Hartshorne_Problems/2_Hartshorne/2_6x Divisors.md
file	b1609a1e072caada7b69424bba9560eb6c2389f814f72ff7d46145147e1f40e3	12990	Hartshorne_Problems/2_Hartshorne/2_7x Projective Morphisms.md
file	c8649b9d1a935a369717c008eff0356d1e0cf2877a945f63433b97ed81624736	13054	Hartshorne_Problems/2_Hartshorne/2_8x Differentials.md
file	c2e898fd178e99992868fa1a7b574fe0fe45f4a65548e13e05ef45b4dfd3a20b	6369	Hartshorne_Problems/2_Hartshorne/2_9x Formal Schemes.md
file	34dbe5e3d802d2507f246520abe4063a8b67ec91d41a1c9324a655bf90a82f57	13	Hartshorne_Problems/2_Hartshorne/figures/.empty
file	34dbe5e3d802d2507f246520abe4063a8b67ec91d41a1c9324a655bf90a82f57	13	Hartshorne_Problems/3_Hartshorne/.empty
file	5e0836b958211017e34eb57e5489141d3ddad978a5420c0a0fb1405214a97b7d	86	Hartshorne_Problems/3_Hartshorne/301x.md
file	979f44e365d8fdd734e89f1fc8bcb7fd9ef8d588c877fbb8678004e374bdc0c3	4857	Hartshorne_Problems/3_Hartshorne/302x.md
file	c61f3a56f8905accc2625e41117662ac46673cc73cdfc705c7b99f85fb01d472	4111	Hartshorne_Problems/3_Hartshorne/303x.md
file	f1473c07e3530d8267ecd45bfd058ad0a96a09475972dedfc624efe79c5ab05a	9821	Hartshorne_Problems/3_Hartshorne/304x.md
file	0d7bf8da9c6f79b3ff602c2327890afaecbe559971dc5eff0c9639eb7a408ceb	11627	Hartshorne_Problems/3_Hartshorne/305x.md
file	e7e2507b188a978cbcf21d1426a9730ef8e1cb065e65fb28c3ac914474099278	9501	Hartshorne_Problems/3_Hartshorne/306x.md
file	4959186445a823e4caf8d40b653dfb86782929404e6c62b74936a218c0b64c3c	2942	Hartshorne_Problems/3_Hartshorne/307x.md
file	7981e66e64a88625506859b9bca6ecad74564d18f918a7c3b1ad1368da94b81d	2799	Hartshorne_Problems/3_Hartshorne/308x.md
file	f45680fc7353b760cd911244b69d6353e155569b0f7625849bbdb43f86c6177a	6973	Hartshorne_Problems/3_Hartshorne/309x.md
file	c82a90257102999054b8d79165b40c9ef2df1953fe4090e2def7a158bb57e0a4	4634	Hartshorne_Problems/3_Hartshorne/310x.md
file	d46dd54adc024cc6adafcbc24bacf1a1522dcde6e41e8c17f6aa4038bfcc1c97	4301	Hartshorne_Problems/3_Hartshorne/311x.md
file	379e744d5265eb3afb0fb46b53815f9d97abf8c33a1b0c76abfe9049510a343d	3202	Hartshorne_Problems/3_Hartshorne/312x.md
file	34dbe5e3d802d2507f246520abe4063a8b67ec91d41a1c9324a655bf90a82f57	13	Hartshorne_Problems/3_Hartshorne/figures/.empty
file	4026e279abb1584f3f02cb0365ef47e1c677fe9082d1c309067d5138ce77763b	13507	Hartshorne_Problems/3_Hartshorne/figures/2022-10-23_00-23-42.png
file	240996942717c4125af0007a18383ab292f2af2cefb9b6c98a388548644eb664	6020	Hartshorne_Problems/4_Hartshorne/4_1x.md
file	78afd1473c846146df2ebf0fe3e13ecff77f817614a2965089dcd04dfdea1083	12156	Hartshorne_Problems/4_Hartshorne/4_2x.md
file	780eb38692649cb3c6a2f18033a7efd2e12a5c1b29413688631479f46cba80b6	6010	Hartshorne_Problems/4_Hartshorne/4_3x.md
file	60a919360ef061a7b3dd0c0d22a3134c933837572943e1d858aa3a368fff6408	17634	Hartshorne_Problems/4_Hartshorne/4_4x.md
file	e2e9b36acf6f73bf620c3efc8a9ed1e8a66a570dc72e24b5c60fccbdbdfa5429	4587	Hartshorne_Problems/4_Hartshorne/4_5x.md
file	5a42e9da2062c3674949d594bbb224b2b68d5d6b7e0722aaf08d8365a9f7d6df	2226	Hartshorne_Problems/4_Hartshorne/4_6x.md
file	34dbe5e3d802d2507f246520abe4063a8b67ec91d41a1c9324a655bf90a82f57	13	Hartshorne_Problems/4_Hartshorne/figures/.empty
file	34dbe5e3d802d2507f246520abe4063a8b67ec91d41a1c9324a655bf90a82f57	13	Hartshorne_Problems/5_Hartshorne/.empty
file	ed140bc849c491c7598dd62bc7edfe670bb6e6a4c66637db7b705e9c6fdee997	9101	Hartshorne_Problems/5_Hartshorne/5_1x.md
file	f61f9f018fa00d0c8818ab154c3ec916994e32a12de1beac4ba04e16bfa7c07a	9340	Hartshorne_Problems/5_Hartshorne/5_2x.md
file	905fc0dade5887376ee4709d62360317f0a033f6d22a6720cb3cd52a00bc0665	3456	Hartshorne_Problems/5_Hartshorne/5_3x.md
file	c1aaed38c82f5be5966df926d0f5eb50e880990c4097d62529ca5a93270533f2	9517	Hartshorne_Problems/5_Hartshorne/5_4x.md
file	002222ba1e78f1e668e81ea1f22843122d82192b79398e52c6fea9dc4bd2040b	4688	Hartshorne_Problems/5_Hartshorne/5_5x.md
file	e34f2f1d38feddf932d4b6e53147c49eee00db142e8d859704d3782006926cef	947	Hartshorne_Problems/5_Hartshorne/5_6x.md
file	34dbe5e3d802d2507f246520abe4063a8b67ec91d41a1c9324a655bf90a82f57	13	Hartshorne_Problems/5_Hartshorne/figures/.empty
file	c83e6bdad7b0128ec3871785a5a7b1bd57c73833f629f39c50784da955a7d0d5	23323	Hartshorne_Problems/5_Hartshorne/figures/2022-10-22_21-13-10.png
file	f3f87d8be7cd29ce4e9392a8c180ba15eb8e0100835e0d7f31b06ce72d40c911	1182	Hartshorne_Problems/5_Hartshorne/figures/2022-10-22_21-16-28.png
file	eddc5ce780c5f28387a633af95a08c87ea5b347626da5449caba61172cf3f1d2	1967	Hartshorne_Problems/5_Hartshorne/figures/2022-10-22_21-17-05.png
file	0825f646a3cd114246073fd45dd2931762687817930be929673aa94d3c83051e	2302	Hartshorne_Problems/5_Hartshorne/figures/2022-10-22_21-57-34.png
file	e16948362b02863d52e1097494c10545129642a37cd6d24ad25bbf1de0246b2f	1929	Hartshorne_Problems/Bonus Questions.md
file	8e3a27051d567e373841e7c7ca62293bb439db842954fd99562a3e9dcc1fcab7	1605	Hartshorne_Problems/Recommended Problems.md
file	71f87615347fccc41152c411824f10d3919e5802451d15496f0893e65b4a82b3	383	IW-Queues/queue.md
file	81ec59c481c41807c68ca42e8144bb995fe01733ae785ddcea82478a62d9c02c	6906	Reading Notes/1_Hartshorne/1_1x.md
file	1c95ae533776f633b827153370a35897f5f714665904cf9baa6afe619952ec61	2556	Reading Notes/1_Hartshorne/1_2x.md
file	3dd0d6ce59d4e7d433d649fcf344418cd43529fe2164f98ed6e3ee453ae7774e	19	Reading Notes/1_Hartshorne/1_3.md
file	31bb4632199d50fb31b592605030714831887cf01609caac5cabf89e060d794c	23	Reading Notes/1_Hartshorne/1_4.md
file	5224d9043b6b980889aba081f0a7d3ce4b8f315ba656821aad5be0613bbd5449	31	Reading Notes/1_Hartshorne/1_5.md
file	8979093acc30cd46b2177aab4913f96c12a1cff7b4d111e7890398c796635013	28	Reading Notes/1_Hartshorne/1_6.md
file	c7bf77e8e2d2bf593490efa433fb8f2bf79461fc205d609091bd9cf09c354121	43	Reading Notes/1_Hartshorne/1_7.md
file	34dbe5e3d802d2507f246520abe4063a8b67ec91d41a1c9324a655bf90a82f57	13	Reading Notes/1_Hartshorne/figures/.empty
file	694e8ce1f9018d07387d48a44b6c008d3f23de63baf5651324fa031a83d102be	7764	Reading Notes/1_Hartshorne/figures/2022-10-08_18-48-17.png
file	694e8ce1f9018d07387d48a44b6c008d3f23de63baf5651324fa031a83d102be	7764	Reading Notes/1_Hartshorne/figures/2022-10-08_19-05-22.png
file	34dbe5e3d802d2507f246520abe4063a8b67ec91d41a1c9324a655bf90a82f57	13	Reading Notes/2_Hartshorne/.empty
file	efaf8dd0c10e7a704571d89ee7b096beb8713ffbbd9bcc4588fea97b00e225d9	9906	Reading Notes/2_Hartshorne/2_1x.md
file	8ba06a9c4231c5d91fe069bd46cb807b41861142b8e913c3128fd51b36bb29d5	17	Reading Notes/2_Hartshorne/2_2.md
file	24eea7273a1e3522fb68d6e15357ff3d4c339a271dcada57cde09a2371c47307	37	Reading Notes/2_Hartshorne/2_3.md
file	cc13dd91e356fc128cde44bdff24ca7b98a5ac8fefe1f2855e35fbf694634575	41	Reading Notes/2_Hartshorne/2_4.md
file	aecdd8f97b6faa1327e65571ace5e7f03ed1aee3f26b09d0e19672e5ca55cb90	28	Reading Notes/2_Hartshorne/2_5.md
file	6df71a8286c7700ffddd81a5645e27a8647c3ed5efa06d3131c118dff9960d95	18	Reading Notes/2_Hartshorne/2_6.md
file	917c06515c4b1439966ec6e5e8116c75e94404c09abc1efd9bb80338f4368774	30	Reading Notes/2_Hartshorne/2_7.md
file	3c04e76261790448c26da176daff0a2be978d2ba98ffd5be414bf0e9b07981e3	23	Reading Notes/2_Hartshorne/2_8.md
file	80af778d2ef60b00fc62428dd48b4d046bfe9a1b95e284a29ed928e324e6e547	24	Reading Notes/2_Hartshorne/2_9.md
file	34dbe5e3d802d2507f246520abe4063a8b67ec91d41a1c9324a655bf90a82f57	13	Reading Notes/3_Hartshorne/.empty
file	dae941140ea42fcb42f594f2b52eb5453d43c235e07aead9e03c90e85df77701	56	Reading Notes/3_Hartshorne/301.md
file	a2c55912fc2769221a23c142ff2a98525a567d6b395e682bc01e34ea59cb16c0	32	Reading Notes/3_Hartshorne/302.md
file	a1860296ef23663c9941e176b520596e7ff839898d916628e7489b2559e05b13	52	Reading Notes/3_Hartshorne/303.md
file	209f248fb3c73daf36736d1bf36a04455c1b4be90ee2c860f9f33b8ec0cbd8f3	27	Reading Notes/3_Hartshorne/304.md
file	653a5c8b90c2ab5c9351820f04fa0ed8915f7bede42476eaef80907c00257602	45	Reading Notes/3_Hartshorne/305.md
file	cdb878d478d9097005f0ff520efb20586a630d9d88b4b6e177e7cb028ab57c7b	33	Reading Notes/3_Hartshorne/306.md
file	c4889cce68e44ecc6c32b5dccae8ee335fc6ba234c95c1c8ff7f8760a58eb239	25	Reading Notes/3_Hartshorne/307.md
file	3b3104a484ec7efdf4fea51e5c83a6230b56d72837f5f4a248f33c56c4315ef1	43	Reading Notes/3_Hartshorne/308.md
file	ee23558cae5700a755f32badfa4d3fa9c35a4bca9fb2632ba54e452727e00365	25	Reading Notes/3_Hartshorne/309.md
file	d3e24ef732df00b252635e30d10b68f97708b6b54d2157a4ccb7abb3502d174d	28	Reading Notes/3_Hartshorne/310.md
file	e89c99a7c0ee5a2ba5afbcc39bcd87cd90192e8fb322d1c68c0404b1187fd4d1	43	Reading Notes/3_Hartshorne/311.md
file	57ee402fa2c6edb22750c62c5492e8a39f542d1417e93ce9a5f58353ddf98c7c	37	Reading Notes/3_Hartshorne/312.md
file	f36b2fe89d27a8c6a95c0f73b910a9f250ee0aba089eab243c1f1b5a18f0eeb5	7849	Reading Notes/4_Hartshorne/4_1x.md
file	6a80fbf7f8216b205bdffb2b7a355f267829cb8d412de7de65dfb8d261c9eb5d	8688	Reading Notes/4_Hartshorne/4_2x.md
file	f3ffd04b5c09e391706acec372ab9ac8328a8ec1c9dfe3a0a059c6af5186b3ec	6067	Reading Notes/4_Hartshorne/4_3x.md
file	e1e26817b835e2b0db90bf08eda99d7df27d31386b90620ff5b5a9af7be663a8	19791	Reading Notes/4_Hartshorne/4_4x.md
file	81e292516f31fc3bffa36dd0d6d6c1515064b291adf4f97f353cb9f10e3b97ee	4968	Reading Notes/4_Hartshorne/4_5x.md
file	2b563c306b8b06d62b3c5403d06df4236f65753637db07ea04af3309b202046b	5203	Reading Notes/4_Hartshorne/4_6x.md
file	34dbe5e3d802d2507f246520abe4063a8b67ec91d41a1c9324a655bf90a82f57	13	Reading Notes/4_Hartshorne/figures/.empty
file	b95895ac5c5b54723156765f93f98af94ede3850e0600aee2a550fa07c28ef96	25757	Reading Notes/4_Hartshorne/figures/2022-12-03_23-36-23.png
file	9b8104d1b63d5f8619253b1970335583fd52f6ef3fc64c022d8630dd0d325594	26538	Reading Notes/4_Hartshorne/figures/2022-12-04_20-07-17.png
file	f714180d90a7c29b195ff4762f76b15b2ff78eff9b0e22a711158957f9c89939	26467	Reading Notes/4_Hartshorne/figures/2022-12-04_20-08-00.png
file	6a89efb3202eb9795dbb156b8dbc4f9de6bf06556ed7d085eeed0e83c3165449	19358	Reading Notes/4_Hartshorne/figures/2023-01-03_16-43-55.png
file	aba74997d86821d551a75f7127d83b248b645023d6eb30096260566e028964c2	8929	Reading Notes/4_Hartshorne/figures/2023-01-03_18-12-50.png
file	42fb61db237023f83bcaac2a64795a0a2a55eafd5113ac08007c9c6eddda5d27	15727	Reading Notes/4_Hartshorne/figures/2023-01-03_18-14-58.png
file	5d16103d7e2acd288b390b9033bbf92e5ada19ed7e4f32c1a4fe32dbc21bc1fd	49027	Reading Notes/4_Hartshorne/figures/2023-02-04_18-32-41.png
file	34dbe5e3d802d2507f246520abe4063a8b67ec91d41a1c9324a655bf90a82f57	13	Reading Notes/5_Hartshorne/.empty
file	64ae2cc96c350212928862e5aef60d9342d4a8b6f18dbe5dc120b5c82dc812df	55	Reading Notes/5_Hartshorne/5_1.md
file	ca62abdfa7eaf15f46dcdd5e4f8d0e82b7fa611176f8f2705324588a1889a088	23	Reading Notes/5_Hartshorne/5_2.md
file	db0734d0c507b31f9914c03d78649f1106838538dd5474a9d43245a42609418c	34	Reading Notes/5_Hartshorne/5_3.md
file	b6282597a949bca2e17441584f84878f70b29d890b6f9905a7fc46ff9d976008	38	Reading Notes/5_Hartshorne/5_4.md
file	d7275a9f54b1f82a2096e102c0127cc36b715941117aa76527cb58d7ae6fb912	36	Reading Notes/5_Hartshorne/5_5.md
file	4534cfa8438f980ffec1c0005ca068f945dadf3148b014ca7283ffa998233afd	36	Reading Notes/5_Hartshorne/5_6.md
file	6f3c36409bf403c0279dc60bac4ad6fce2125bc5f0b8f89886b390458ca5db0f	22959	Reading Notes/9_Fulton/0 Notes.md
file	d1a22b70c2a54d245960f46c97795a413e8a025f1f4bc730c3a64e028e0f5b76	3299	Reading Notes/9_Fulton/I Definitions and Examples.md
file	b0a77d29a9882dfd2b755a35b655d92ecbad21af54ec750190675d055b1c2da0	4217	Reading Notes/9_Fulton/II Singularities and Compactness.md
file	27c8ee928180aeda646e199e61e9f3e0b743cdba0ead68bc82f70bb166493e94	9242	Reading Notes/9_Fulton/figures/2022-10-18_15-33-37.png
file	536bc1f9d90a6a04ac1e5fc25b10fa9292fcf3b61eae0b188ca3c3d336125d43	3822	Reading Notes/9_Fulton/figures/2022-10-18_15-33-47.png
file	6410fdc8c0858b6ea905c01851b1d933fac8c880a007132f5fb915db3e0440a0	3302	Reading Notes/9_Fulton/figures/2022-10-18_15-36-53.png
file	9d7362ba7510383a63358e8898e7ef9c0c4e370f5e8efab9633cd7e2343d843a	2628	Reading Notes/9_Fulton/figures/2022-10-18_15-39-10.png
file	0de73c22ddb57f90c15fdef78467886039452a15248ac6af87ea3ea0a5b23109	3928	Reading Notes/9_Fulton/figures/2022-10-18_15-42-04.png
file	e1977a6c32d8506072f41add620e51fc63e7b60fc51d4da1b38d9b61c43520a0	4628	Reading Notes/9_Fulton/figures/2022-10-18_15-42-18.png
file	ae2a897d9827531a5b9490739b2d8b728bca75c6e7fe2b7a7b19a212536a9196	3968	Reading Notes/9_Fulton/figures/2022-10-18_15-45-17.png
file	c8af1cbf028ed6225ed18c5364315231187388d66977a82daae297a448a1473a	9387	Reading Notes/9_Fulton/figures/2022-10-18_20-35-45.png
file	9941a04534bbf5b69be15a7e19e598e975681e82b94ce71e0d152cc6ebce9539	4689	Reading Notes/9_Fulton/figures/2022-10-19_18-23-05.png
file	afa98645a6d0a154edb1b6d0f3c79f25b4822182fe1d1173692d798547aeaef7	3692	Reading Notes/9_Fulton/figures/2022-10-19_18-35-59.png
file	783fc376f5634e6b19676b1eb3f57e142ed93c36fe92107bae592d013a615a40	13830	Reading Notes/9_Fulton/figures/2022-10-19_19-08-06.png
file	ecf03a0fc0882b6c022aed6ce957abddca742b470a4ec5ab79668fe126642b64	65639	Reading Notes/9_Fulton/figures/2022-10-19_19-19-36.png
file	9798197095d8b6e8e9fe98d5117cf559a19943316d55d4c0cb98e76ef8b00e59	49819	Reading Notes/9_Fulton/figures/2022-10-20_00-07-20.png
file	6a493f044517aca6298dbd18e1e81e0fb9edd71ee5dafdd44a0a6bb08c86f39c	26459	Reading Notes/9_Fulton/figures/2022-10-20_00-10-35.png
file	89e8d6464bc21978d2faaaece45bc2923d9605719e5eb8dae8d791793df74212	28280	Reading Notes/9_Fulton/figures/2022-12-03_20-09-23.png
file	1f0b1825c8d56ba28f18596396ad56f182a554322d35f5ba5618acca1a911115	479	Tasks.md
file	16592b3aaabae6cf5e005af4283c5067f55d7f46b12ac45f079d9a300ec27586	289875	attachments/2013SP_algebra.pdf
file	fcd2490772a8f2b53196d9f428ebf828bc0d91e210af11a84f5b405dc5eeadb3	88070	attachments/2022-01-09_12-22-51.png
file	d1b85e224d1002da63d67f16733d900799ced0ac7bbce76fd1251c553cf02347	49044	attachments/2022-01-09_12-23-25.png
file	6f67726fd40036fbe56f58652844b7082f99e736bb8c59db9a94d97bed50f086	29062	attachments/2022-01-09_12-23-55.png
file	6224486912d54d3dfd35df81b3f96e975572a3283bc427d7a27dfa5e17b2d502	85220	attachments/2022-01-09_12-24-40.png
file	cc78bdcf7dc5008ab2ceb279ce2ef46a73f439488dbd22a2350dbe3121ea5ce3	47989	attachments/2022-01-09_12-28-49.png
file	2eea0ea5a92f08ce1a5d2a901094d2dc946606577555f375d0fcb619bed7dcfe	44418	attachments/2022-01-09_12-58-27.png
file	870a971ff5e4befdecdb50e3d2b62fec135cca5a9a49ac12917246066715e0fe	45461	attachments/2022-01-09_12-59-50.png
file	f8faa2b84e3e67d3fed12a924ba5e4a1ea4947d2c9f7ff3f4829d9ef2428c4e2	79285	attachments/2022-01-09_13-01-09.png
file	04c05c81f9aaefbefebf3ac871b22187c7b4160d0bdada88f7f3ab61055a37a8	138591	attachments/2022-01-09_13-03-01.png
file	e86f0341013c45e06d19bea8ac1369f7f5fff940ff2917321bc48d698a4da00a	40902	attachments/2022-01-09_13-03-12.png
file	27ca28550a5186f4927b803fa1aaab9e73275c2c23927f82938bf793a2aebbdc	78252	attachments/2022-01-09_13-03-27.png
file	da545f74ccf64801ef4e96dc4d67029965529f6c70642829932b53909d4de295	29852	attachments/2022-01-09_13-06-25.png
file	021e08f3889260365c50a7a8afffe9f89db42ba732cd42c3ea709ef4f1fa83c3	57539	attachments/2022-01-09_13-07-04.png
file	950acbfea2d24a57fdfaacc7449b8e2012d3faec0a9bcb6252908011d36a4f6c	19391	attachments/2022-01-09_13-07-48.png
file	ebf570f7d4c63f021fcb8bb08ae04e7eab9877b8850ba11426da4bd261e98657	101790	attachments/2022-01-09_13-08-23.png
file	75381957438b9f6e3deca6d8fd1145d29f15c580cf7c6047fa58b2a9ca5b0b85	74979	attachments/2022-01-09_13-20-16.png
file	9c6140518de3efc0f157a5fff560704e8544840404050d7feb123cf8a555f959	32207	attachments/2022-09-17_22-10-43.png
file	7abd5ba7e906168a3bde5bc7b7e11d2e501dfb2f53bc4371cb6fb65840fbcf63	27661	attachments/2022-09-17_22-24-16.png
file	61c528e6e9dda8c281c63730563d4e0c17f68078569561b8ee8443c5820d819b	43910	attachments/2022-09-21_00-14-42.png
file	a56c1b75284f22bbd944a41d14f1adc924eed4d67a9064fc2b6bf101277c6023	29553	attachments/2022-09-21_00-15-32.png
file	e84ab5bb9afba484fa4525f2c23a3f06550e2119edb276f516a35b41bc01db2e	2163574	attachments/Algebraic Geometry All Tripos.pdf
file	cdac34186f1e53a3a94a1c2833a8e8a4ef8a6680aee3b3f56d7001cd99ff81e0	13217152	attachments/Andrew Egbert.pdf
file	d69a33b3dcdec0655edbb89a0a3851100de435aabbd75034032bd261120e917f	358003	attachments/Bryden R Cais.pdf
file	7deca80454f3a173b2b1b37b1efde483af3d2e6c0433b0530caf6a081d3dcfa2	179162	attachments/Chris Lomont.pdf
file	387c823de838ee82a5c83faa2e38fce7f61b24eba259e4c42cf11a9f90d0a542	972263	attachments/Jinhyun Park.pdf
file	c0d09f4e0a56d058299ca1e3d7d2d55dc1bb871e4a8c2f11d681ff68dbe54ac7	995861	attachments/Joe Cutrone and Nick Marshburn.pdf
file	86075a4dc95f43299e5fbbc201a13fb6ef1026b833c82d2d67a65afb8d67b761	5445280	attachments/Kawamata Intro MMP.pdf
file	e3b0c44298fc1c149afbf4c8996fb92427ae41e4649b934ca495991b7852b855	0	attachments/Pasted image 20220314125429.png.md
file	8143a4ba977cbf42086ba10986f55b0ddf91c6054d0e11cfc1933fc4166c7d45	47362	attachments/Pasted image 20220315152915.png
file	66f2cf31891c72f243a72c690246da10b31a157d5c84fed679374fb6d363ebd6	63631	attachments/Pasted image 20220315153140.png
file	ed05b277c4118b28389b471c9ed7130c625c2c062ae52f8c63f4c3574d0fb65c	139035	attachments/Pasted image 20220315153154.png
file	99efa13ec7b49e2e09852a528cc5b957056db44db2537c12f212288f10fca166	37250	attachments/Pasted image 20220517141232.png
file	f6d0cca31d36a82c2bbd308fcbd6f4874ef4f8c12bea824894c693e70de3ba1c	77106	attachments/Pasted image 20220517142058.png
file	82c394aa3d149de3c2de2ceb6bf126ac1a2f8f1696cdb4558f3763e45392ee5e	88584	attachments/Pasted image 20220517142240.png
file	9fbb257d7298851aa2abfc07eee65a1aa0cb676d85171d4f596f15aa2699e81b	28604	attachments/Pasted image 20220517142250.png
file	12ad6dad050e517081e5331bbaa1b50a74a0e81bf4fe4df357d3d86f25808411	90887	attachments/Pasted image 20220517142303.png
file	5538f2c5b8a2305b628ec67cbc7e2ce425409731f38a0bda9178e6496ecfff0b	46472	attachments/Pasted image 20220517142338.png
file	5e3a1b69b4f81647c43f01392dc1368d7dd2b00368aa109cc13eae9af7c77e88	44295	attachments/Pasted image 20220517142403.png
file	9a1fd808ef245721e465b120ea15b53f2722771076968ad6429cc5b801b57b97	51280	attachments/Pasted image 20220517142548.png
file	0e0f7325fcabd771765628e2405930fef25e0d66dfd3bac4c16a44f0bdd7ac82	60890	attachments/Pasted image 20220517142612.png
file	fad6adee3cfd47a9f0f9b1076cd8b4b2bf600c89a59e4aa424f345f982009c49	28353	attachments/Pasted image 20220921202350.png
file	5649288ea3137cda2c23b03393cfa6a025ba66933f52d5a3386b2dcb416edf29	66742	attachments/Pasted image 20220921204101.png
file	319622d3505d4a326f47350c309dda15e9fa28abb2ad8cf1da3c59c68732027b	42102	attachments/Pasted image 20220921204126.png
file	c96d3db346096bff876d703bf749c4e71be45740776298ac72b060678c083bab	16457	attachments/Pasted image 20220921204305.png
file	4b37b4ca89fea880588de998e9f5f659f0f01483a304673782ee4092689c3a52	40147	attachments/Pasted image 20220921204448.png
file	8e08912dd681c77101808c5e92457ae53cf9e478494f748d58513b9586bc7436	17314	attachments/Pasted image 20220921204544.png
file	df7ae7f2e180a0c099c8a5e3e70d85123a30bf2e75982e3fcdd74ff41b4a282c	61347	attachments/Pasted image 20221012002702.png
file	2927fa91e2a7dde2b3a64905ff5b7488b2d53ce132cf5e28c3e0e9d95c96a7ed	64217	attachments/Pasted image 20221012003451.png
file	c8bd182fca118af3c9856301a98258cd59a636f7d278524cec3a7b3fb3e4c040	14978	attachments/Pasted image 20221123200223.png
file	f14d87a095554c4f3ddb19d3cc7f52687d50f468a47b7f9b76fcd02e7bed7cb7	56657	attachments/Pasted image 20221123205220.png
file	eec003b378b561a0d18c54ec198fac17cb1fba7b704332ae2ee56ba9fee5c097	20653	attachments/Pasted image 20221123232902.png
file	db281cc0342de53869747185be31fee05c85cfff7291d647eb3f547f3a80a7a1	7679	attachments/Pasted image 20221124002619.png
file	aedf66ab4993948cc87d8057e3f93665ead9f0a7b9b43c390c40f8da4fdc398b	32056	attachments/Pasted image 20221124003320.png
file	dc0f359219453f810629acfae9c0703dd62bcdf5a376be2399f19a2df76f4dc9	22008	attachments/Pasted image 20221124222411.png
file	d6c7084d28717808bc5990faef08710264cc7c2a31cdd459be840d161dd43f7a	6340	attachments/Pasted image 20221125210118.png
file	c6231ee9bf9efc7be0b201736f47fa873168c4a558f66439f67ae4bc752f8ec1	20235	attachments/Pasted image 20221126191913.png
file	c6231ee9bf9efc7be0b201736f47fa873168c4a558f66439f67ae4bc752f8ec1	20235	attachments/Pasted image 20221126191918.png
file	339e1b05e01ec66cef6e1cb5cce1c9374a55ee388579ad265716e1df0f355f9d	15474	attachments/Pasted image 20221128124229.png
file	fc6aec9a5989a15f7ddf2fa0d4cf972096c706f2cd99920271e2a43254d0af0f	10964	attachments/Pasted image 20221129103949.png
file	fc6aec9a5989a15f7ddf2fa0d4cf972096c706f2cd99920271e2a43254d0af0f	10964	attachments/Pasted image 20221129104508.png
file	643c0f12e84977cd08cfbaaed1471918aeae5149bf3ccf2b1eef6d29f951ebfa	45194	attachments/Pasted image 20221129104521.png
file	e519c16508d6bc409b9bce87d7a80e9be549e5808a72e54f4a68ecf24e7141b6	15116	attachments/Pasted image 20221129235442.png
file	73cb1425ff54f8a2d4ffd057bd5730bd8a2601b072dd2fb86d99c64d447378a9	9119	attachments/Pasted image 20221130173928.png
file	38d9b66c362056c30e63105639b3ff863f5d3fd9e57e293b9f35936b9988331a	30198	attachments/Pasted image 20221130174004.png
file	9c67c22e199c8404c75bd64bf4b06dda81b6741265653e516c9f9022fec3166f	31582	attachments/Pasted image 20221130174054.png
file	9c67c22e199c8404c75bd64bf4b06dda81b6741265653e516c9f9022fec3166f	31582	attachments/Pasted image 20221130174100.png
file	d623abd206ef8cfafc20f651f9026600facdd7acb4050c4f8df48b08f588f06e	24579	attachments/Pasted image 20221130174345.png
file	581c9b34ea16e153b27f06041208ee0011c4d3b95b7c403fa038f3cadeb74378	59365	attachments/Pasted image 20221130175123.png
file	215822978a24a3eaed604e41d2ffe1080bfc26501f0e9e939d8e486e614ef746	18935	attachments/Pasted image 20221201023435.png
file	1b258e463587ff42b969b3d3c3272ab27f189db9ea8d215c13bf7f296418f0fe	55660	attachments/Pasted image 20221201163739.png
file	f064f5f9c67044302a3c1f22ee4fc8c52df8861e043e4222c0c32c7b17771c1b	41589	attachments/Pasted image 20221204223854.png
file	c9a7508d641df298a83eb602514b065f8f62b5fd3145461bba58db701090033f	114032	attachments/Pasted image 20221205143016.png
file	582f4bf4219da0395bfcde00d233686ffb22e140cc166c5773b8a389fce7a56f	5207	attachments/Pasted image 20221206180456.png
file	88678847483f07e684ddb1a5ec061e6706f84a8c87b858c203193d7469b0092a	20439	attachments/Pasted image 20221207140632.png
file	a19af0837ea1d44aefcc944931ac8a7b14230cf5585a162d5a0b73dc3bc43287	18211	attachments/Pasted image 20221207141027.png
file	b21c0eaaa04765636cf4cc595384569d4934b31e004a5e6be5bbeebef2538657	63806	attachments/Pasted image 20221207150823.png
file	282954a48929f6dca7180814b3ff132efc98912f701d8976d4f1851193113685	27210	attachments/Pasted image 20221207200258.png
file	5db6fbb4e2a1e0e01eccd265c5ec1cfa9f9b1580f3b851554629a88d23136929	5068	attachments/Pasted image 20221207204617.png
file	8caed90adb44f917bbacf93b52a7d0fdf020000a18e060534a5b45ce375402c9	51574	attachments/Pasted image 20221207215352.png
file	575c07eb190ea6b1982c9d2b28142e7389f6bfc43b2df55b82ccc9a399186245	21982	attachments/Pasted image 20221207225009.png
file	8863b01d8540c0fd99eac871d24cb135c2981136296e1ddfad3ba1b091f6df3e	282002	attachments/Pasted image 20221208002529.png
file	dc6cff3d4c012c93d34e07152bc2c84885d6cc801bc818aaef711029341c7ecd	48445	attachments/Pasted image 20221208004055.png
file	8e90461a981f934a2323e9ee8c5dfbb70b226e9dd5303ad24b04fea133d800f9	61505	attachments/Pasted image 20221208004152.png
file	6810a246ac5a8246dfa8426ad21136219af4b4420a3534f3d34d37f3f5043789	4531	attachments/Pasted image 20221208004842.png
file	df43a5ec241e4a9fb276346027bbba84fdf17eb244c69e7878944f89f06e45db	4669	attachments/Pasted image 20221208012620.png
file	6d283a930169ba327b8236d2802bd3b68a9ba1ff6c28d887c3d104ad07e2ff91	16515	attachments/Pasted image 20221208013026.png
file	0502385f0bd34c90f39ed6e51ab292cdd256e962a7b4a86a1ad48669d72a4a5b	15106	attachments/Pasted image 20221208013053.png
file	c86f8aad53a691f096bc8ae3cc5448849df12403bb697cd1b2d185c074554e26	71912	attachments/Pasted image 20221208015307.png
file	d7e68aa955e9ef70369a187b60cc0141f5785e9d371d1cae1f78f6edbcb8d642	57182	attachments/Pasted image 20221208015324.png
file	f05af4dedba17d6c2a8a56ef1563f8712b24d7f8746bbc4878a6c0a994eef113	110483	attachments/Pasted image 20221208015606.png
file	5ca6b48f838bbc96312bc35ea9c6fdf862fa95b51559a2073775c0460ff15ec7	34505	attachments/Pasted image 20221208020507.png
file	3e8588e02a5dbf8398bfcba131d89d86e3d4c7633fcc8deefe0ff7a0759b76c0	415753	attachments/Richard Borcherds.pdf
file	d6fdd1e790ebdd441691c5e578ab520026936920379a9a78c7b251134e3c9a4c	1528631	attachments/Steven V Sam.pdf
file	4f79a115b737293a457eb53f2f20a70b38302d3a8dfab087c97e1b02c31e8d35	236938	attachments/W Stein.pdf
file	3031b0fea0b70dea3a68d8f1a7e19e3b883d65bda92bfc8dab3fdafdd1047398	845978	attachments/iag.pdf
file	728f967b0ab7e8df276b670f00944955b6b7823d1a1e74b60b749e893e32d8df	1025730	attachments/ismail saglam and Chris.pdf
file	34dbe5e3d802d2507f246520abe4063a8b67ec91d41a1c9324a655bf90a82f57	13	figures/.empty
file	079144869ac163ac78b1e7560540514b322fab51248b93feb603bc980287e2eb	331	index.md
file	ce5d4d296dfa875b9f6707c5d46a39793129a5fae556bb18d017995adf12ea84	5479	index.yaml
symlink	-	0	preamble.sty
file	ff1812dc8957624a6757010175c084ae371909e0563bceebf446dc23107c22bd	303	progress.bak
file	9cdf24cfd9c98193deabf3f02eb7b9da1f95ba8c5db823d0ca2495b42ea2583d	501	progress.md
file	d1a8710f2364fe8eff430d90efd27456a4a010083264703e7afcc209f0f0217c	484	progress_update.sh
file	e0b89de7099c585825073f0ba8c851fafcb5f0caefc413e535bdab8f42c3cff6	830	templates/home.tpl
file	e0b89de7099c585825073f0ba8c851fafcb5f0caefc413e535bdab8f42c3cff6	830	templates/templates/home.tpl
file	34dbe5e3d802d2507f246520abe4063a8b67ec91d41a1c9324a655bf90a82f57	13	tikzcd/.empty
